x_from,y_from,x_to,y_to
-73.8297,40.6484,-73.8295,40.6483
-73.8223,40.6486,-73.8223,40.6487
-73.8216,40.6473,-73.8217,40.6474
-73.8547,40.6471,-73.8546,40.6472
-73.8546,40.6472,-73.8545,40.6473
-73.8548,40.647,-73.8547,40.6471
-73.8214,40.6469,-73.8216,40.6473
-73.8214,40.6469,-73.8214,40.6469
-73.8549,40.6468,-73.8548,40.647
-73.8549,40.6468,-73.8549,40.6468
-73.8345,40.6468,-73.8342,40.6466
-73.8553,40.6462,-73.8549,40.6468
-73.834,40.6463,-73.8342,40.6466
-73.8213,40.6463,-73.8214,40.6469
-73.8213,40.6462,-73.8213,40.6463
-73.834,40.6463,-73.8338,40.6461
-73.8558,40.6463,-73.8557,40.6463
-73.8298,40.6464,-73.8295,40.6483
-73.8298,40.6463,-73.8298,40.6464
-73.8296,40.6461,-73.8298,40.6463
-73.8552,40.6456,-73.8553,40.6462
-73.8214,40.6456,-73.8213,40.6462
-73.8338,40.6456,-73.8338,40.6461
-73.8551,40.6454,-73.8552,40.6456
-73.8214,40.6455,-73.8214,40.6456
-73.8297,40.6454,-73.8296,40.6461
-73.8297,40.6454,-73.8296,40.6453
-73.8337,40.6451,-73.8338,40.6456
-73.83,40.6454,-73.8297,40.6454
-73.8228,40.6451,-73.823,40.6453
-73.8232,40.6456,-73.8232,40.6456
-73.8337,40.6451,-73.8335,40.6451
-73.8216,40.6442,-73.8214,40.6455
-73.8216,40.644,-73.8217,40.644
-73.8226,40.6446,-73.8223,40.6444
-73.8223,40.6444,-73.8217,40.644
-73.8335,40.6451,-73.8332,40.6449
-73.8308,40.6453,-73.83,40.6454
-73.8327,40.6447,-73.8321,40.645
-73.8332,40.6449,-73.8327,40.6447
-73.8294,40.6449,-73.8296,40.6453
-73.8294,40.6449,-73.8294,40.6449
-73.8341,40.6449,-73.8337,40.6451
-73.8212,40.6432,-73.8216,40.644
-73.8212,40.6432,-73.8207,40.6429
-73.8207,40.6429,-73.8202,40.6424
-73.8555,40.6448,-73.8551,40.6454
-73.8342,40.6447,-73.8341,40.6449
-73.8319,40.6446,-73.8321,40.645
-73.8293,40.6446,-73.8294,40.6449
-73.8194,40.6414,-73.8202,40.6424
-73.8191,40.6413,-73.8188,40.6425
-73.8346,40.6446,-73.8342,40.6447
-73.8237,40.6444,-73.823,40.6446
-73.8191,40.6413,-73.8184,40.6406
-73.824,40.6443,-73.8237,40.6444
-73.8361,40.6445,-73.836,40.6443
-73.836,40.6443,-73.8357,40.6444
-73.8351,40.6444,-73.8346,40.6446
-73.8351,40.6443,-73.8351,40.6444
-73.8357,40.6444,-73.8356,40.6443
-73.836,40.6443,-73.836,40.6443
-73.8356,40.6443,-73.8351,40.6443
-73.8294,40.6441,-73.8293,40.6446
-73.8184,40.6406,-73.8179,40.6403
-73.8242,40.6442,-73.824,40.6443
-73.8553,40.6443,-73.8555,40.6448
-73.8314,40.644,-73.8319,40.6446
-73.8295,40.6438,-73.8294,40.6441
-73.8386,40.644,-73.8384,40.6442
-73.8179,40.6403,-73.817,40.6395
-73.8294,40.6436,-73.8295,40.6438
-73.8384,40.6442,-73.8381,40.644
-73.8381,40.644,-73.838,40.644
-73.8372,40.644,-73.8371,40.644
-73.8265,40.6437,-73.8266,40.6439
-73.8378,40.644,-73.8376,40.6441
-73.838,40.644,-73.8378,40.644
-73.8376,40.6441,-73.8372,40.644
-73.8168,40.6392,-73.817,40.6395
-73.8301,40.6438,-73.8295,40.6438
-73.8389,40.6437,-73.8386,40.644
-73.8294,40.6436,-73.8291,40.6436
-73.8306,40.6437,-73.8301,40.6438
-73.8394,40.6439,-73.8389,40.6437
-73.8395,40.6438,-73.8394,40.6439
-73.8274,40.6436,-73.8266,40.6439
-73.841,40.6435,-73.8398,40.6437
-73.8398,40.6437,-73.8395,40.6438
-73.8265,40.6437,-73.8261,40.6437
-73.8291,40.6436,-73.8281,40.6435
-73.8255,40.6436,-73.8255,40.6437
-73.8261,40.6437,-73.8258,40.6437
-73.8168,40.6392,-73.816,40.6385
-73.8422,40.6434,-73.8411,40.6437
-73.8258,40.6437,-73.8255,40.6437
-73.8434,40.6432,-73.8428,40.6433
-73.8428,40.6433,-73.8422,40.6434
-73.8441,40.6419,-73.8438,40.6424
-73.8467,40.642,-73.8465,40.6419
-73.8449,40.642,-73.8444,40.6419
-73.8444,40.6419,-73.8441,40.6419
-73.8408,40.6424,-73.841,40.6432
-73.8157,40.6382,-73.816,40.6385
-73.8486,40.6424,-73.8478,40.642
-73.8478,40.642,-73.8467,40.642
-73.8513,40.6419,-73.851,40.6422
-73.851,40.6422,-73.8503,40.6421
-73.8457,40.6418,-73.8449,40.642
-73.8465,40.6419,-73.8457,40.6418
-73.8493,40.6422,-73.8486,40.6424
-73.8503,40.6421,-73.8493,40.6422
-73.844,40.6419,-73.8437,40.6417
-73.8532,40.6417,-73.853,40.6414
-73.8408,40.6424,-73.8403,40.6421
-73.8522,40.6413,-73.8513,40.6419
-73.853,40.6414,-73.8522,40.6413
-73.8403,40.6421,-73.8403,40.6421
-73.8548,40.642,-73.8549,40.6428
-73.8548,40.642,-73.8547,40.642
-73.8157,40.6382,-73.8148,40.6377
-73.8542,40.6419,-73.8532,40.6417
-73.8547,40.642,-73.8542,40.6419
-73.8551,40.6419,-73.8548,40.642
-73.8551,40.6419,-73.8551,40.6419
-73.8414,40.6419,-73.8408,40.6424
-73.8403,40.6421,-73.8399,40.6419
-73.8557,40.6417,-73.8551,40.6419
-73.8399,40.6419,-73.8392,40.6417
-73.8561,40.6417,-73.8557,40.6417
-73.8437,40.6417,-73.8429,40.6416
-73.8563,40.6416,-73.8561,40.6417
-73.8429,40.6416,-73.8428,40.6416
-73.8418,40.6418,-73.8414,40.6419
-73.8148,40.6377,-73.8138,40.6373
-73.857,40.6414,-73.8563,40.6416
-73.8571,40.6412,-73.857,40.6414
-73.8138,40.6373,-73.8136,40.6372
-73.8428,40.6416,-73.8418,40.6418
-73.8389,40.6418,-73.8387,40.6417
-73.8532,40.641,-73.853,40.6414
-73.8117,40.6367,-73.8112,40.6365
-73.8136,40.6372,-73.8117,40.6367
-73.8588,40.6402,-73.8588,40.6402
-73.8588,40.6402,-73.8581,40.6403
-73.8581,40.6403,-73.8571,40.6412
-73.8112,40.6365,-73.8109,40.6363
-73.8581,40.6403,-73.8581,40.6402
-73.8605,40.6402,-73.86,40.6401
-73.86,40.6401,-73.8588,40.6402
-73.8384,40.6414,-73.8387,40.6417
-73.8612,40.6399,-73.8605,40.6402
-73.8109,40.6363,-73.81,40.6357
-73.8587,40.6398,-73.8588,40.6402
-73.8383,40.6411,-73.8384,40.6414
-73.863,40.6391,-73.8625,40.6391
-73.8625,40.6391,-73.8612,40.6399
-73.8097,40.6354,-73.81,40.6357
-73.8097,40.6354,-73.8096,40.6353
-73.8537,40.64,-73.8532,40.641
-73.8539,40.6398,-73.8537,40.64
-73.8096,40.6353,-73.8087,40.6347
-73.8087,40.6347,-73.8076,40.6343
-73.8171,40.6365,-73.8157,40.6382
-73.858,40.6401,-73.8567,40.6394
-73.8642,40.6386,-73.8631,40.6392
-73.863,40.6384,-73.863,40.6391
-73.8567,40.6394,-73.8566,40.6394
-73.8545,40.6392,-73.8539,40.6398
-73.8076,40.6343,-73.8071,40.6341
-73.8071,40.6341,-73.807,40.6341
-73.8172,40.6364,-73.8171,40.6365
-73.807,40.6341,-73.8067,40.6341
-73.8566,40.6394,-73.856,40.6392
-73.856,40.6392,-73.8558,40.6391
-73.8558,40.6391,-73.8552,40.639
-73.8649,40.6382,-73.8642,40.6386
-73.8357,40.6391,-73.8358,40.6392
-73.8651,40.6381,-73.8649,40.6382
-73.8357,40.6391,-73.8352,40.6389
-73.8067,40.6341,-73.8051,40.6339
-73.8352,40.6389,-73.835,40.6387
-73.835,40.6387,-73.835,40.6387
-73.8657,40.6381,-73.8651,40.6381
-73.8051,40.6339,-73.8049,40.6339
-73.8049,40.6339,-73.8048,40.6338
-73.8351,40.6385,-73.835,40.6387
-73.8661,40.6379,-73.8657,40.6381
-73.8667,40.6377,-73.8661,40.6379
-73.8675,40.6382,-73.8676,40.6384
-73.867,40.6376,-73.8667,40.6377
-73.867,40.6375,-73.867,40.6376
-73.867,40.6375,-73.8675,40.6382
-73.8349,40.6382,-73.8351,40.6385
-73.8048,40.6338,-73.803,40.6333
-73.803,40.6333,-73.803,40.6333
-73.8177,40.6354,-73.8172,40.6364
-73.8027,40.6335,-73.8024,40.6335
-73.8651,40.6374,-73.8651,40.6381
-73.8676,40.637,-73.867,40.6375
-73.8679,40.6368,-73.8676,40.637
-73.8683,40.6368,-73.8679,40.6368
-73.8024,40.6335,-73.801,40.6338
-73.8687,40.6363,-73.8683,40.6368
-73.8692,40.636,-73.8687,40.6363
-73.801,40.6338,-73.7995,40.634
-73.8695,40.6358,-73.8692,40.636
-73.7995,40.634,-73.7994,40.634
-73.8698,40.6355,-73.8695,40.6358
-73.8699,40.6354,-73.8698,40.6355
-73.7994,40.634,-73.7986,40.634
-73.7476,40.6362,-73.7475,40.6361
-73.7475,40.6361,-73.7474,40.6361
-73.8704,40.635,-73.8699,40.6354
-73.8708,40.6346,-73.8704,40.635
-73.7464,40.6352,-73.7463,40.6353
-73.7986,40.634,-73.7975,40.6335
-73.7466,40.6348,-73.7464,40.6352
-73.7466,40.6348,-73.7466,40.6348
-73.7467,40.6345,-73.7466,40.6348
-73.8711,40.634,-73.8708,40.6346
-73.7475,40.6346,-73.7477,40.6351
-73.747,40.6342,-73.7467,40.6345
-73.7471,40.6341,-73.747,40.6342
-73.7473,40.634,-73.7471,40.6341
-73.7975,40.6335,-73.7971,40.6332
-73.7474,40.6338,-73.7473,40.634
-73.8718,40.6332,-73.8711,40.634
-73.7478,40.6333,-73.7474,40.6338
-73.7478,40.6332,-73.7478,40.6333
-73.8719,40.6329,-73.8718,40.6332
-73.7479,40.633,-73.7478,40.6332
-73.748,40.6328,-73.7479,40.633
-73.7482,40.6327,-73.748,40.6328
-73.7969,40.6328,-73.7971,40.6332
-73.7965,40.6334,-73.7957,40.6336
-73.7955,40.634,-73.7952,40.6345
-73.7488,40.6326,-73.7482,40.6327
-73.7936,40.6336,-73.7936,40.6337
-73.8723,40.6323,-73.8719,40.6329
-73.8724,40.6322,-73.8723,40.6323
-73.7491,40.6325,-73.7488,40.6326
-73.7491,40.6325,-73.7491,40.6325
-73.7936,40.6332,-73.7936,40.6336
-73.7957,40.6336,-73.7953,40.6336
-73.8724,40.6321,-73.8724,40.6322
-73.7936,40.6331,-73.7936,40.6332
-73.7953,40.6336,-73.7949,40.6336
-73.7494,40.6323,-73.7491,40.6325
-73.7944,40.6335,-73.7936,40.6332
-73.7949,40.6336,-73.7944,40.6335
-73.7934,40.6328,-73.7936,40.6331
-73.7968,40.6325,-73.7969,40.6328
-73.7497,40.6322,-73.7494,40.6323
-73.75,40.6322,-73.7497,40.6322
-73.7928,40.6318,-73.7934,40.6328
-73.8731,40.6319,-73.8724,40.6321
-73.7505,40.6319,-73.75,40.6322
-73.7505,40.6318,-73.7505,40.6319
-73.7924,40.6308,-73.7928,40.6318
-73.8101,40.6312,-73.81,40.6316
-73.8738,40.6318,-73.8731,40.6319
-73.8738,40.6318,-73.8738,40.6318
-73.7965,40.632,-73.7968,40.6325
-73.751,40.6315,-73.7505,40.6318
-73.7924,40.6294,-73.7924,40.6308
-73.7513,40.6314,-73.751,40.6315
-73.8742,40.6316,-73.8738,40.6318
-73.7926,40.6293,-73.7924,40.6294
-73.8009,40.6307,-73.803,40.6333
-73.7924,40.6294,-73.7921,40.6293
-73.7518,40.6311,-73.7513,40.6314
-73.752,40.6311,-73.7518,40.6311
-73.7525,40.631,-73.752,40.6311
-73.7466,40.6324,-73.7462,40.6324
-73.7462,40.6324,-73.746,40.6323
-73.8707,40.6327,-73.8703,40.6324
-73.7531,40.6307,-73.7525,40.631
-73.7534,40.6306,-73.7531,40.6307
-73.746,40.6323,-73.7458,40.6322
-73.875,40.6312,-73.8742,40.6316
-73.8009,40.6307,-73.8006,40.6304
-73.7458,40.6322,-73.7458,40.6322
-73.7921,40.6293,-73.7909,40.629
-73.794,40.6293,-73.7926,40.6293
-73.8765,40.6309,-73.8761,40.6309
-73.8761,40.6309,-73.875,40.6312
-73.7952,40.6295,-73.7965,40.632
-73.7538,40.6304,-73.7534,40.6306
-73.8723,40.6312,-73.8722,40.6315
-73.7952,40.6294,-73.7952,40.6295
-73.7952,40.6294,-73.794,40.6293
-73.754,40.6303,-73.7538,40.6304
-73.7909,40.629,-73.7906,40.6288
-73.7906,40.6288,-73.7903,40.6287
-73.7458,40.6322,-73.7455,40.6319
-73.7546,40.63,-73.754,40.6303
-73.7903,40.6287,-73.7902,40.6287
-73.7547,40.63,-73.7546,40.63
-73.7454,40.6318,-73.7455,40.6319
-73.7549,40.6299,-73.7547,40.63
-73.7453,40.6318,-73.7454,40.6318
-73.7902,40.6287,-73.7897,40.6287
-73.7449,40.6316,-73.7449,40.6316
-73.7897,40.6287,-73.7897,40.6287
-73.7453,40.6318,-73.7449,40.6316
-73.7958,40.6292,-73.7952,40.6294
-73.7555,40.6296,-73.7549,40.6299
-73.7555,40.6296,-73.7555,40.6296
-73.7559,40.6296,-73.7555,40.6296
-73.7897,40.6287,-73.7893,40.6287
-73.8768,40.6302,-73.8765,40.6309
-73.7879,40.6317,-73.7876,40.6317
-73.8006,40.6304,-73.7996,40.63
-73.7996,40.63,-73.7996,40.63
-73.8722,40.6318,-73.8704,40.6309
-73.7563,40.6294,-73.7559,40.6296
-73.8771,40.6299,-73.8768,40.6302
-73.7893,40.6287,-73.7885,40.6288
-73.7576,40.629,-73.7563,40.6294
-73.7885,40.6288,-73.7881,40.6289
-73.7867,40.6309,-73.7867,40.6309
-73.7868,40.6307,-73.7867,40.6309
-73.7881,40.6289,-73.788,40.6289
-73.7577,40.6289,-73.7576,40.629
-73.788,40.6289,-73.7874,40.6292
-73.7872,40.6298,-73.7868,40.6307
-73.7973,40.6293,-73.7961,40.6292
-73.7579,40.6287,-73.7577,40.6289
-73.7996,40.63,-73.7988,40.6296
-73.7978,40.6293,-73.7973,40.6293
-73.7981,40.6293,-73.7978,40.6293
-73.7988,40.6296,-73.7981,40.6293
-73.8702,40.6306,-73.8697,40.6307
-73.7874,40.6292,-73.7869,40.6292
-73.8784,40.6291,-73.8784,40.6291
-73.8784,40.6291,-73.8771,40.6299
-73.7581,40.6285,-73.7579,40.6287
-73.7582,40.6284,-73.7581,40.6285
-73.8812,40.6301,-73.8809,40.6304
-73.7867,40.6292,-73.7864,40.6292
-73.7585,40.6282,-73.7582,40.6284
-73.8815,40.6292,-73.8812,40.6301
-73.882,40.6295,-73.8815,40.6292
-73.8814,40.6292,-73.8815,40.6292
-73.8822,40.6295,-73.882,40.6295
-73.7513,40.6296,-73.7514,40.6301
-73.8813,40.629,-73.8814,40.6292
-73.7589,40.628,-73.7585,40.6282
-73.811,40.6291,-73.8101,40.6312
-73.7859,40.6292,-73.7854,40.6295
-73.7499,40.6298,-73.75,40.6299
-73.7596,40.6276,-73.7589,40.628
-73.881,40.6286,-73.8813,40.629
-73.7854,40.6295,-73.7853,40.6294
-73.8111,40.629,-73.811,40.6291
-73.7598,40.6274,-73.7596,40.6276
-73.7607,40.6272,-73.7605,40.6272
-73.7602,40.6272,-73.7598,40.6274
-73.7605,40.6272,-73.7602,40.6272
-73.7607,40.6271,-73.7607,40.6272
-73.8799,40.6281,-73.8784,40.6291
-73.8804,40.6277,-73.881,40.6286
-73.8804,40.6277,-73.8799,40.6281
-73.7499,40.6298,-73.7497,40.6297
-73.8804,40.6276,-73.8804,40.6277
-73.8804,40.6275,-73.8804,40.6276
-73.7511,40.6292,-73.7513,40.6296
-73.7617,40.6266,-73.7607,40.6271
-73.7622,40.6266,-73.7617,40.6266
-73.7623,40.6266,-73.7622,40.6266
-73.7629,40.6266,-73.7623,40.6266
-73.8807,40.6264,-73.8804,40.6275
-73.7639,40.6263,-73.7629,40.6266
-73.8109,40.6281,-73.8111,40.629
-73.764,40.6263,-73.7639,40.6263
-73.7538,40.6282,-73.7538,40.6282
-73.7641,40.6264,-73.764,40.6263
-73.8108,40.6279,-73.8109,40.6281
-73.8813,40.6264,-73.8807,40.6264
-73.764,40.6262,-73.764,40.6263
-73.7648,40.6266,-73.7641,40.6264
-73.7538,40.6282,-73.7536,40.628
-73.8108,40.6273,-73.8108,40.6279
-73.8826,40.6262,-73.8813,40.6264
-73.8849,40.6258,-73.8849,40.6258
-73.8106,40.627,-73.8108,40.6273
-73.8848,40.6255,-73.8849,40.6258
-73.8861,40.6271,-73.8864,40.6274
-73.8861,40.6271,-73.8858,40.6269
-73.8848,40.6255,-73.8838,40.6258
-73.8838,40.6258,-73.8826,40.6262
-73.885,40.625,-73.8848,40.6255
-73.8104,40.6264,-73.8106,40.627
-73.7645,40.6254,-73.764,40.6262
-73.8104,40.6263,-73.8104,40.6264
-73.7897,40.6259,-73.7898,40.6264
-73.7783,40.6259,-73.7786,40.6264
-73.7786,40.6265,-73.7787,40.6266
-73.7964,40.6265,-73.7966,40.627
-73.7781,40.6253,-73.7783,40.6259
-73.8101,40.6259,-73.8104,40.6263
-73.886,40.6247,-73.885,40.625
-73.8101,40.6259,-73.8099,40.6257
-73.7778,40.6242,-73.778,40.625
-73.8869,40.6244,-73.886,40.6247
-73.8869,40.6244,-73.8874,40.6249
-73.7615,40.6251,-73.7617,40.6263
-73.7777,40.6238,-73.7778,40.6242
-73.8095,40.6251,-73.8099,40.6257
-73.7777,40.6237,-73.7777,40.6238
-73.7615,40.625,-73.7615,40.6251
-73.8093,40.6253,-73.8088,40.6261
-73.7772,40.6225,-73.7777,40.6237
-73.7771,40.6223,-73.7772,40.6225
-73.8095,40.6247,-73.8095,40.6251
-73.8095,40.6246,-73.8095,40.6247
-73.777,40.622,-73.7771,40.6223
-73.777,40.622,-73.777,40.622
-73.765,40.6246,-73.7645,40.6254
-73.7897,40.6253,-73.7897,40.6259
-73.7651,40.6245,-73.765,40.6246
-73.8873,40.6238,-73.8869,40.6244
-73.8094,40.6241,-73.8095,40.6246
-73.8876,40.6235,-73.8873,40.6238
-73.7896,40.6249,-73.7897,40.6253
-73.7775,40.621,-73.777,40.622
-73.7656,40.6241,-73.7651,40.6245
-73.7896,40.6248,-73.7896,40.6249
-73.7614,40.6242,-73.7615,40.625
-73.7775,40.6206,-73.7775,40.621
-73.7776,40.6204,-73.7775,40.6206
-73.8091,40.6233,-73.8094,40.6241
-73.766,40.6236,-73.7656,40.6241
-73.8884,40.6227,-73.8876,40.6235
-73.8091,40.6232,-73.8091,40.6233
-73.7616,40.6238,-73.7614,40.6242
-73.8888,40.6224,-73.8884,40.6227
-73.7662,40.6232,-73.766,40.6236
-73.7663,40.6231,-73.7662,40.6232
-73.7663,40.623,-73.7663,40.6231
-73.7664,40.6229,-73.7663,40.623
-73.8093,40.6228,-73.8091,40.6232
-73.889,40.622,-73.8888,40.6224
-73.7665,40.6227,-73.7664,40.6229
-73.7737,40.6231,-73.773,40.6231
-73.7669,40.6225,-73.7665,40.6227
-73.767,40.6225,-73.7669,40.6225
-73.767,40.6225,-73.767,40.6225
-73.7786,40.6191,-73.7776,40.6204
-73.8901,40.6203,-73.889,40.622
-73.8902,40.6202,-73.8901,40.6203
-73.8093,40.6222,-73.8093,40.6228
-73.7675,40.6223,-73.767,40.6225
-73.8904,40.6199,-73.8902,40.6202
-73.8091,40.6219,-73.8093,40.6222
-73.7677,40.6222,-73.7675,40.6223
-73.7785,40.6186,-73.7786,40.6191
-73.7672,40.622,-73.767,40.6225
-73.7797,40.619,-73.7786,40.6191
-73.7683,40.6218,-73.7682,40.6218
-73.7682,40.6218,-73.7677,40.6222
-73.8919,40.62,-73.8904,40.6199
-73.8919,40.62,-73.8919,40.62
-73.7808,40.6193,-73.7797,40.619
-73.8946,40.6215,-73.8944,40.6214
-73.781,40.6194,-73.7808,40.6193
-73.8091,40.6212,-73.8091,40.6219
-73.8091,40.6212,-73.8091,40.6212
-73.7812,40.6194,-73.781,40.6194
-73.8944,40.6214,-73.8941,40.6216
-73.7685,40.6212,-73.7683,40.6218
-73.7688,40.6211,-73.7685,40.6212
-73.893,40.6202,-73.8929,40.6201
-73.809,40.6207,-73.8091,40.6212
-73.8937,40.6206,-73.893,40.6202
-73.8904,40.6188,-73.8904,40.6199
-73.8086,40.6203,-73.809,40.6207
-73.7692,40.6204,-73.7692,40.6205
-73.7693,40.6203,-73.7692,40.6204
-73.8087,40.6196,-73.8086,40.6203
-73.7781,40.6172,-73.7785,40.6186
-73.8901,40.618,-73.8904,40.6188
-73.8085,40.6193,-73.8087,40.6196
-73.778,40.6168,-73.7781,40.6172
-73.7837,40.6194,-73.7836,40.6195
-73.7838,40.6194,-73.7837,40.6194
-73.778,40.6167,-73.778,40.6168
-73.8899,40.6177,-73.8901,40.618
-73.8084,40.6188,-73.8085,40.6193
-73.8898,40.6176,-73.8899,40.6177
-73.8523,40.6188,-73.8511,40.6191
-73.8084,40.6185,-73.8084,40.6188
-73.8079,40.6181,-73.8084,40.6185
-73.8895,40.6169,-73.8898,40.6176
-73.8572,40.618,-73.8571,40.6179
-73.8915,40.6176,-73.8911,40.6183
-73.8078,40.6177,-73.8079,40.6181
-73.8571,40.6179,-73.856,40.6184
-73.8894,40.6166,-73.8895,40.6169
-73.8077,40.6176,-73.8078,40.6177
-73.7819,40.6173,-73.7818,40.6173
-73.7777,40.6156,-73.778,40.6167
-73.8585,40.6176,-73.8582,40.6175
-73.8582,40.6175,-73.8572,40.618
-73.8892,40.6162,-73.8894,40.6166
-73.7777,40.6153,-73.7777,40.6156
-73.8074,40.6166,-73.8077,40.6176
-73.7777,40.6152,-73.7777,40.6153
-73.8589,40.617,-73.8585,40.6176
-73.8589,40.617,-73.8589,40.617
-73.7828,40.6171,-73.7828,40.6171
-73.7588,40.617,-73.7588,40.6171
-73.8595,40.6168,-73.8589,40.617
-73.7594,40.6169,-73.7588,40.617
-73.8892,40.6162,-73.888,40.615
-73.888,40.615,-73.8875,40.6149
-73.7603,40.6166,-73.7599,40.6165
-73.772,40.6165,-73.772,40.6166
-73.7722,40.6164,-73.772,40.6165
-73.761,40.6164,-73.761,40.6164
-73.778,40.6145,-73.7777,40.6152
-73.7751,40.6164,-73.775,40.6164
-73.775,40.6164,-73.7749,40.6163
-73.7299,40.6052,-73.7298,40.6052
-73.7764,40.6146,-73.7763,40.6146
-73.7782,40.614,-73.778,40.6145
-73.7727,40.6153,-73.7727,40.6154
-73.7727,40.6154,-73.7726,40.6153
-73.7783,40.6139,-73.7782,40.614
-73.7733,40.6153,-73.7727,40.6153
-73.7726,40.6153,-73.7724,40.6152
-73.7644,40.6149,-73.7642,40.6153
-73.807,40.6146,-73.8069,40.6154
-73.7646,40.6149,-73.7644,40.6149
-73.861,40.6149,-73.8604,40.6155
-73.7724,40.6152,-73.7721,40.6152
-73.7646,40.6149,-73.7646,40.6149
-73.7644,40.6149,-73.7644,40.6149
-73.7721,40.6152,-73.772,40.6152
-73.7648,40.615,-73.7646,40.6149
-73.765,40.615,-73.7648,40.615
-73.7734,40.615,-73.7733,40.6153
-73.7763,40.6146,-73.7757,40.6144
-73.7652,40.615,-73.765,40.615
-73.7653,40.615,-73.7652,40.615
-73.7653,40.615,-73.7653,40.615
-73.7785,40.6135,-73.7783,40.6139
-73.7655,40.615,-73.7653,40.615
-73.7656,40.615,-73.7655,40.615
-73.7643,40.6147,-73.7644,40.6149
-73.7657,40.615,-73.7656,40.615
-73.7658,40.6149,-73.7657,40.615
-73.7662,40.6147,-73.7664,40.615
-73.766,40.6149,-73.7658,40.6149
-73.7662,40.6147,-73.7661,40.6148
-73.7661,40.6148,-73.766,40.6149
-73.7661,40.6148,-73.7661,40.6148
-73.7672,40.615,-73.7664,40.615
-73.7697,40.615,-73.7697,40.615
-73.7739,40.6148,-73.7734,40.615
-73.7686,40.615,-73.7685,40.6149
-73.769,40.615,-73.7689,40.6149
-73.7688,40.6149,-73.7686,40.615
-73.7689,40.6149,-73.7688,40.6149
-73.7702,40.6149,-73.7701,40.6149
-73.7701,40.6149,-73.77,40.6149
-73.7699,40.6149,-73.7697,40.615
-73.77,40.6149,-73.7699,40.6149
-73.7757,40.6144,-73.7751,40.6144
-73.8066,40.6141,-73.807,40.6146
-73.8609,40.6144,-73.861,40.6149
-73.7742,40.6145,-73.7739,40.6148
-73.7742,40.6145,-73.7742,40.6145
-73.7643,40.6145,-73.7643,40.6147
-73.8065,40.614,-73.8066,40.6141
-73.7751,40.6144,-73.7747,40.6144
-73.7747,40.6144,-73.7746,40.6145
-73.7746,40.6145,-73.7742,40.6145
-73.7787,40.6131,-73.7785,40.6135
-73.8064,40.6138,-73.8065,40.614
-73.8078,40.6142,-73.8075,40.6145
-73.7641,40.6142,-73.7643,40.6145
-73.8614,40.6139,-73.8609,40.6144
-73.808,40.6141,-73.8078,40.6142
-73.7641,40.6142,-73.7641,40.6142
-73.8617,40.6136,-73.8614,40.6139
-73.8868,40.6124,-73.8875,40.6149
-73.7789,40.6126,-73.7787,40.6131
-73.764,40.614,-73.7641,40.6142
-73.8065,40.6133,-73.8064,40.6138
-73.764,40.614,-73.7638,40.6139
-73.8616,40.6128,-73.8617,40.6136
-73.8868,40.6124,-73.8858,40.6118
-73.7794,40.612,-73.7789,40.6126
-73.7794,40.612,-73.7794,40.612
-73.7794,40.612,-73.7794,40.612
-73.8065,40.6125,-73.8065,40.6133
-73.8065,40.6123,-73.8065,40.6125
-73.8065,40.6121,-73.8065,40.6123
-73.78,40.6116,-73.7794,40.612
-73.8065,40.612,-73.8065,40.6121
-73.7801,40.6115,-73.78,40.6116
-73.7629,40.6132,-73.7625,40.613
-73.8626,40.6119,-73.8616,40.6128
-73.7625,40.6129,-73.7625,40.613
-73.7625,40.6128,-73.7625,40.6129
-73.7803,40.6114,-73.7801,40.6115
-73.7625,40.6128,-73.7622,40.6127
-73.7805,40.6113,-73.7803,40.6114
-73.8064,40.6117,-73.8065,40.612
-73.8854,40.611,-73.8858,40.6118
-73.8064,40.6116,-73.8064,40.6117
-73.7809,40.611,-73.7805,40.6113
-73.8064,40.6114,-73.8064,40.6116
-73.7617,40.6122,-73.7617,40.6123
-73.7813,40.6107,-73.7809,40.611
-73.7617,40.6123,-73.7614,40.6121
-73.761,40.6118,-73.761,40.6118
-73.7816,40.6105,-73.7813,40.6107
-73.8107,40.6113,-73.8099,40.612
-73.8847,40.6101,-73.8854,40.611
-73.8847,40.61,-73.8847,40.6101
-73.782,40.6103,-73.7816,40.6105
-73.7596,40.6114,-73.7596,40.6115
-73.761,40.6118,-73.7605,40.6115
-73.7597,40.6114,-73.7596,40.6114
-73.7597,40.6114,-73.7597,40.6114
-73.7596,40.6114,-73.7595,40.6114
-73.7605,40.6115,-73.7604,40.6114
-73.7598,40.6114,-73.7597,40.6114
-73.862,40.6106,-73.8626,40.6119
-73.7599,40.6114,-73.7598,40.6114
-73.7604,40.6114,-73.7603,40.6114
-73.7603,40.6114,-73.7601,40.6114
-73.7601,40.6114,-73.76,40.6114
-73.76,40.6114,-73.7599,40.6114
-73.7823,40.61,-73.782,40.6103
-73.7595,40.6114,-73.7593,40.6113
-73.7587,40.6113,-73.7587,40.6113
-73.7593,40.6113,-73.7591,40.6113
-73.7591,40.6113,-73.759,40.6112
-73.759,40.6112,-73.7587,40.6113
-73.7826,40.6098,-73.7823,40.61
-73.7587,40.6113,-73.7583,40.6111
-73.8843,40.6091,-73.8847,40.61
-73.7832,40.6096,-73.7826,40.6098
-73.8067,40.6105,-73.8064,40.6114
-73.7837,40.6093,-73.7832,40.6096
-73.7837,40.6093,-73.7837,40.6093
-73.7837,40.6092,-73.7837,40.6093
-73.7837,40.6093,-73.7841,40.6101
-73.8794,40.6092,-73.879,40.6101
-73.8794,40.6092,-73.8794,40.6092
-73.8843,40.6091,-73.8836,40.6087
-73.8067,40.6103,-73.8067,40.6105
-73.8836,40.6087,-73.8835,40.6087
-73.8835,40.6087,-73.8834,40.6087
-73.8117,40.6102,-73.8109,40.6113
-73.8067,40.6101,-73.8067,40.6103
-73.8794,40.6092,-73.879,40.6089
-73.8631,40.6092,-73.862,40.6106
-73.7846,40.6087,-73.7837,40.6092
-73.7848,40.6086,-73.7846,40.6087
-73.879,40.6089,-73.8786,40.6089
-73.8851,40.6085,-73.8843,40.6091
-73.7851,40.6083,-73.7848,40.6086
-73.8834,40.6087,-73.8824,40.608
-73.8805,40.6086,-73.8794,40.6092
-73.8066,40.6097,-73.8067,40.6101
-73.8824,40.608,-73.8821,40.6079
-73.7854,40.6082,-73.7851,40.6083
-73.8821,40.6079,-73.8817,40.6081
-73.7858,40.608,-73.7854,40.6082
-73.8817,40.6081,-73.8805,40.6086
-73.7861,40.6079,-73.7858,40.608
-73.8853,40.6084,-73.8851,40.6085
-73.8854,40.6083,-73.8853,40.6084
-73.7864,40.6077,-73.7861,40.6079
-73.8064,40.6093,-73.8066,40.6097
-73.7865,40.6075,-73.7864,40.6077
-73.8626,40.6085,-73.8631,40.6092
-73.8064,40.6091,-73.8064,40.6093
-73.8123,40.609,-73.8122,40.6093
-73.8123,40.6088,-73.8123,40.609
-73.8783,40.6084,-73.8786,40.6089
-73.7869,40.6071,-73.7865,40.6075
-73.8123,40.6086,-73.8123,40.6088
-73.8863,40.6078,-73.8854,40.6083
-73.8062,40.6088,-73.8064,40.6091
-73.7871,40.6068,-73.7869,40.6071
-73.8866,40.6076,-73.8863,40.6078
-73.8124,40.6084,-73.8123,40.6086
-73.8781,40.6089,-73.8773,40.6084
-73.8818,40.607,-73.8821,40.6079
-73.7876,40.6066,-73.7871,40.6068
-73.8873,40.6074,-73.8866,40.6076
-73.7877,40.6066,-73.7876,40.6066
-73.89,40.6079,-73.89,40.6082
-73.8901,40.6077,-73.89,40.6079
-73.8875,40.6073,-73.8873,40.6074
-73.8127,40.6081,-73.8124,40.6084
-73.8876,40.6072,-73.8875,40.6073
-73.8773,40.6084,-73.8765,40.608
-73.7882,40.6064,-73.7877,40.6066
-73.8901,40.6067,-73.8901,40.6077
-73.8129,40.6078,-73.8127,40.6081
-73.8903,40.6066,-73.8901,40.6067
-73.8903,40.6066,-73.8903,40.6066
-73.8883,40.607,-73.8876,40.6072
-73.8816,40.6066,-73.8818,40.607
-73.8901,40.6067,-73.8893,40.6067
-73.7884,40.6062,-73.7882,40.6064
-73.8893,40.6067,-73.889,40.6067
-73.889,40.6067,-73.8883,40.607
-73.8129,40.6074,-73.8129,40.6078
-73.8759,40.6075,-73.8761,40.608
-73.7725,40.6077,-73.7724,40.6078
-73.8816,40.6063,-73.8816,40.6066
-73.7888,40.6059,-73.7884,40.6062
-73.8631,40.6072,-73.8626,40.6085
-73.8133,40.6072,-73.8129,40.6074
-73.7866,40.606,-73.7871,40.6068
-73.806,40.6071,-73.8058,40.6078
-73.9177,40.6073,-73.9177,40.6075
-73.9177,40.6072,-73.9177,40.6073
-73.8759,40.6075,-73.8754,40.6071
-73.8753,40.6069,-73.8754,40.6071
-73.8753,40.6069,-73.8752,40.6069
-73.9178,40.6071,-73.9177,40.6072
-73.7893,40.6056,-73.7888,40.6059
-73.8134,40.607,-73.8133,40.6072
-73.8059,40.6068,-73.806,40.6071
-73.7897,40.6053,-73.7893,40.6056
-73.7897,40.6053,-73.7897,40.6053
-73.7864,40.6058,-73.7866,40.606
-73.9177,40.6069,-73.9178,40.6071
-73.8912,40.6058,-73.8903,40.6066
-73.8059,40.6067,-73.8059,40.6068
-73.8735,40.6062,-73.8732,40.6072
-73.8916,40.6057,-73.8912,40.6058
-73.8917,40.6057,-73.8916,40.6057
-73.7727,40.6066,-73.7729,40.6069
-73.8945,40.6055,-73.8943,40.6056
-73.8061,40.6066,-73.8059,40.6067
-73.881,40.6055,-73.8816,40.6063
-73.8738,40.6059,-73.8735,40.6062
-73.8738,40.6059,-73.8738,40.6059
-73.8752,40.6069,-73.8747,40.6064
-73.8747,40.6064,-73.8746,40.6063
-73.7727,40.6066,-73.7726,40.6065
-73.8746,40.6063,-73.8744,40.6061
-73.8744,40.6061,-73.8738,40.6059
-73.7896,40.6051,-73.7897,40.6053
-73.7724,40.6063,-73.7726,40.6065
-73.7724,40.6063,-73.7724,40.6063
-73.7724,40.6063,-73.772,40.6065
-73.9177,40.6069,-73.9172,40.6065
-73.7907,40.6048,-73.7897,40.6053
-73.8809,40.6053,-73.881,40.6055
-73.7908,40.6047,-73.7907,40.6048
-73.8144,40.6062,-73.8137,40.6063
-73.8737,40.6055,-73.8738,40.6059
-73.7724,40.606,-73.7724,40.6063
-73.7913,40.6045,-73.7908,40.6047
-73.7914,40.6044,-73.7913,40.6045
-73.8925,40.6052,-73.8917,40.6057
-73.8927,40.6052,-73.8925,40.6052
-73.8939,40.6054,-73.8927,40.6052
-73.7915,40.6043,-73.7914,40.6044
-73.8147,40.6058,-73.8144,40.6062
-73.8148,40.6058,-73.8147,40.6058
-73.8058,40.6058,-73.8059,40.6067
-73.8148,40.6058,-73.8148,40.6058
-73.815,40.6058,-73.8148,40.6058
-73.8734,40.6051,-73.8737,40.6055
-73.8151,40.6058,-73.815,40.6058
-73.7726,40.6056,-73.7724,40.606
-73.8734,40.6051,-73.8733,40.605
-73.7726,40.6055,-73.7726,40.6056
-73.786,40.6051,-73.7864,40.6058
-73.7921,40.6039,-73.7915,40.6043
-73.8804,40.6043,-73.8809,40.6053
-73.8803,40.6042,-73.8804,40.6043
-73.9069,40.6047,-73.9074,40.6053
-73.9076,40.6054,-73.9074,40.6053
-73.908,40.6057,-73.9076,40.6054
-73.7726,40.6049,-73.7726,40.6055
-73.9069,40.6045,-73.9069,40.6047
-73.8156,40.6054,-73.8151,40.6058
-73.7859,40.6049,-73.786,40.6051
-73.8643,40.605,-73.8634,40.606
-73.7726,40.6049,-73.7726,40.6049
-73.7924,40.6036,-73.7921,40.6039
-73.8157,40.6053,-73.8156,40.6054
-73.7727,40.6048,-73.7726,40.6049
-73.9069,40.6043,-73.9069,40.6045
-73.9013,40.6053,-73.9012,40.6054
-73.88,40.6037,-73.8803,40.6042
-73.7928,40.6034,-73.7924,40.6036
-73.9015,40.6047,-73.9013,40.6053
-73.9015,40.6047,-73.9015,40.6047
-73.9015,40.6047,-73.9014,40.6047
-73.8159,40.605,-73.8157,40.6053
-73.9014,40.6047,-73.9014,40.6046
-73.7727,40.6045,-73.7727,40.6048
-73.7933,40.6032,-73.7928,40.6034
-73.8161,40.6049,-73.8159,40.605
-73.8643,40.6044,-73.8643,40.605
-73.7856,40.6045,-73.7859,40.6049
-73.9033,40.6047,-73.9023,40.6043
-73.9023,40.6043,-73.9015,40.6047
-73.8794,40.6031,-73.88,40.6037
-73.8966,40.6045,-73.8962,40.6042
-73.8962,40.6042,-73.8945,40.6055
-73.7855,40.6044,-73.7856,40.6045
-73.7728,40.6043,-73.7727,40.6045
-73.7936,40.603,-73.7933,40.6032
-73.7936,40.6029,-73.7936,40.603
-73.8978,40.6047,-73.8966,40.6045
-73.7937,40.6029,-73.7936,40.6029
-73.8162,40.6045,-73.8161,40.6049
-73.8793,40.6027,-73.8794,40.6031
-73.9014,40.6046,-73.9006,40.6043
-73.9006,40.6043,-73.9005,40.6043
-73.8164,40.6043,-73.8162,40.6045
-73.9069,40.6043,-73.906,40.6039
-73.8983,40.6045,-73.8978,40.6047
-73.8987,40.6046,-73.8987,40.6046
-73.8998,40.6044,-73.8996,40.6046
-73.7854,40.6041,-73.7855,40.6044
-73.7731,40.6041,-73.7728,40.6043
-73.8987,40.6046,-73.8983,40.6045
-73.8732,40.604,-73.8733,40.605
-73.8989,40.6046,-73.8987,40.6046
-73.8989,40.6046,-73.8989,40.6046
-73.899,40.6046,-73.8989,40.6046
-73.8996,40.6046,-73.8993,40.6045
-73.8993,40.6045,-73.899,40.6046
-73.904,40.6039,-73.9033,40.6047
-73.9005,40.6043,-73.8998,40.6044
-73.7944,40.6028,-73.7937,40.6029
-73.8653,40.6038,-73.8643,40.6044
-73.9072,40.6037,-73.9069,40.6043
-73.7853,40.604,-73.7854,40.6041
-73.906,40.6039,-73.9055,40.6037
-73.9055,40.6037,-73.9053,40.6037
-73.9047,40.6039,-73.904,40.6039
-73.7945,40.6027,-73.7944,40.6028
-73.9053,40.6037,-73.9047,40.6039
-73.7853,40.6039,-73.7853,40.604
-73.8793,40.6027,-73.8784,40.6022
-73.7946,40.6026,-73.7945,40.6027
-73.8166,40.6037,-73.8164,40.6043
-73.8784,40.6022,-73.8779,40.6024
-73.8731,40.6037,-73.8732,40.604
-73.8166,40.6037,-73.8166,40.6037
-73.7853,40.6038,-73.7853,40.6039
-73.8167,40.6037,-73.8166,40.6037
-73.8779,40.6024,-73.8778,40.6025
-73.7733,40.6037,-73.7731,40.6041
-73.7853,40.6038,-73.7853,40.6038
-73.7733,40.6036,-73.7733,40.6037
-73.7733,40.6036,-73.7733,40.6036
-73.9077,40.6035,-73.9072,40.6037
-73.8167,40.6033,-73.8167,40.6037
-73.8783,40.6018,-73.8784,40.6022
-73.8653,40.6032,-73.8653,40.6038
-73.8169,40.603,-73.8167,40.6033
-73.8732,40.6031,-73.8731,40.6037
-73.9082,40.6033,-73.9077,40.6035
-73.9083,40.6033,-73.9082,40.6033
-73.7955,40.6021,-73.7946,40.6026
-73.7852,40.6033,-73.7853,40.6038
-73.7957,40.602,-73.7955,40.6021
-73.8398,40.6033,-73.8397,40.6033
-73.8398,40.6032,-73.8398,40.6033
-73.9089,40.6033,-73.9083,40.6033
-73.8402,40.6033,-73.8398,40.6032
-73.8403,40.6032,-73.8402,40.6033
-73.805,40.6031,-73.8051,40.6038
-73.8732,40.6026,-73.8732,40.6031
-73.7733,40.6031,-73.7733,40.6036
-73.8773,40.6025,-73.8766,40.6024
-73.8412,40.603,-73.841,40.6032
-73.8167,40.6025,-73.8169,40.603
-73.909,40.6032,-73.9089,40.6033
-73.841,40.6032,-73.8403,40.6032
-73.9098,40.6032,-73.909,40.6032
-73.8733,40.6024,-73.8732,40.6026
-73.7963,40.6018,-73.7957,40.602
-73.8657,40.6024,-73.8653,40.6032
-73.7734,40.6028,-73.7733,40.6031
-73.8052,40.6024,-73.805,40.6031
-73.7968,40.6017,-73.7963,40.6018
-73.7968,40.6017,-73.7968,40.6017
-73.8657,40.6022,-73.8657,40.6024
-73.7969,40.6017,-73.7968,40.6017
-73.8766,40.6024,-73.8759,40.6023
-73.7978,40.6019,-73.7977,40.6019
-73.8735,40.6018,-73.8733,40.6024
-73.7977,40.6019,-73.7974,40.6018
-73.7974,40.6018,-73.7969,40.6017
-73.7979,40.6019,-73.7978,40.6019
-73.7734,40.6026,-73.7734,40.6028
-73.7981,40.6018,-73.7979,40.6019
-73.8759,40.6023,-73.8757,40.6022
-73.8737,40.6015,-73.8735,40.6018
-73.7987,40.6018,-73.7981,40.6018
-73.8449,40.6023,-73.8433,40.6028
-73.8741,40.6017,-73.8737,40.6015
-73.8742,40.6017,-73.8741,40.6017
-73.8757,40.6022,-73.8753,40.6021
-73.805,40.6021,-73.8052,40.6024
-73.7734,40.602,-73.7734,40.6026
-73.7734,40.602,-73.7734,40.602
-73.8753,40.6021,-73.8751,40.6021
-73.8751,40.6021,-73.8751,40.6021
-73.7734,40.602,-73.7734,40.602
-73.7734,40.602,-73.7734,40.602
-73.8751,40.6021,-73.8742,40.6017
-73.799,40.6016,-73.7987,40.6018
-73.8017,40.6019,-73.8012,40.6015
-73.7994,40.6017,-73.799,40.6016
-73.7996,40.6016,-73.7994,40.6017
-73.7998,40.6016,-73.7996,40.6016
-74.0236,40.5888,-74.0227,40.5891
-73.7859,40.6022,-73.7858,40.6022
-73.8001,40.6015,-73.7998,40.6016
-73.773,40.6013,-73.7734,40.602
-73.8012,40.6015,-73.8001,40.6015
-73.8171,40.6014,-73.8167,40.6025
-73.773,40.6013,-73.7729,40.6013
-73.7862,40.602,-73.7859,40.6022
-73.8045,40.6011,-73.805,40.6021
-73.8045,40.6011,-73.8045,40.6011
-73.7862,40.6019,-73.7862,40.602
-73.7729,40.6013,-73.7728,40.6011
-73.8171,40.6012,-73.8171,40.6014
-74.0227,40.5891,-74.0209,40.5897
-73.7728,40.6011,-73.7728,40.6011
-73.7864,40.6018,-73.7862,40.6019
-73.8045,40.6011,-73.8041,40.6011
-73.8667,40.6014,-73.8657,40.6022
-73.7722,40.6016,-73.7719,40.6017
-73.8172,40.601,-73.8171,40.6012
-74.0209,40.5897,-74.0195,40.5901
-74.0195,40.5901,-74.0189,40.5903
-73.8028,40.601,-73.8017,40.6019
-73.7865,40.6016,-73.7864,40.6018
-73.8041,40.6011,-73.8036,40.6011
-73.7865,40.6016,-73.7865,40.6016
-73.7865,40.6016,-73.7865,40.6016
-73.8036,40.6011,-73.8028,40.601
-73.8049,40.6007,-73.8045,40.6011
-73.8049,40.6006,-73.8049,40.6007
-74.0189,40.5903,-74.0181,40.5904
-73.8781,40.5996,-73.8783,40.6018
-73.8172,40.6006,-73.8172,40.601
-73.7866,40.6012,-73.7865,40.6016
-73.7867,40.6011,-73.7866,40.6012
-73.7867,40.6011,-73.7867,40.6011
-73.7867,40.6011,-73.7867,40.6011
-73.7727,40.6006,-73.7728,40.6011
-73.8737,40.5998,-73.8737,40.6015
-73.8737,40.5998,-73.8737,40.5998
-73.7727,40.6004,-73.7727,40.6006
-73.8171,40.6001,-73.8172,40.6006
-73.8171,40.6001,-73.8171,40.6001
-73.7727,40.6003,-73.7727,40.6004
-74.0181,40.5904,-74.0169,40.5905
-73.7869,40.6008,-73.7867,40.6011
-73.8054,40.5999,-73.8049,40.6006
-73.8666,40.6003,-73.8667,40.6014
-73.8777,40.5987,-73.8781,40.5996
-73.8072,40.5992,-73.8069,40.5992
-73.7871,40.6007,-73.7869,40.6008
-73.8776,40.5985,-73.8777,40.5987
-73.8172,40.5998,-73.8171,40.6001
-73.8069,40.5992,-73.8054,40.5999
-73.7727,40.6,-73.7727,40.6003
-74.0169,40.5905,-74.0154,40.5906
-73.867,40.6001,-73.8666,40.6003
-73.7874,40.6004,-73.7871,40.6007
-74.012,40.5979,-74.0122,40.5994
-73.8173,40.5994,-73.8172,40.5998
-73.8173,40.5994,-73.8173,40.5994
-73.7877,40.6003,-73.7874,40.6004
-73.8745,40.5976,-73.8737,40.5998
-74.0154,40.5906,-74.0143,40.5908
-73.8776,40.5985,-73.8761,40.597
-73.8752,40.596,-73.8745,40.5976
-73.8752,40.596,-73.8761,40.597
-73.8752,40.5959,-73.8752,40.596
-73.7726,40.5996,-73.7727,40.6
-73.7878,40.6001,-73.7877,40.6003
-73.8483,40.5999,-73.8476,40.6005
-73.7881,40.5998,-73.7878,40.6001
-74.0143,40.5908,-74.0137,40.5908
-73.875,40.5954,-73.8752,40.5959
-73.7881,40.5997,-73.7881,40.5998
-73.8174,40.5989,-73.8173,40.5994
-73.8484,40.5997,-73.8483,40.5999
-73.8174,40.5988,-73.8174,40.5989
-73.7728,40.5994,-73.7726,40.5996
-73.7795,40.5993,-73.7794,40.5993
-73.7886,40.5996,-73.7881,40.5997
-73.8074,40.5982,-73.8072,40.5992
-73.7795,40.5992,-73.7795,40.5993
-73.8485,40.5996,-73.8484,40.5997
-73.7794,40.5993,-73.7791,40.5993
-73.778,40.5997,-73.7777,40.5999
-73.7791,40.5993,-73.779,40.5993
-73.7796,40.5991,-73.7795,40.5992
-73.779,40.5993,-73.7789,40.5993
-73.7887,40.5995,-73.7886,40.5996
-73.773,40.5994,-73.7728,40.5994
-73.7789,40.5993,-73.7788,40.5992
-73.7786,40.5993,-73.7785,40.5994
-73.7788,40.5992,-73.7786,40.5993
-73.7782,40.5995,-73.778,40.5997
-73.7785,40.5994,-73.7782,40.5995
-73.8746,40.5948,-73.875,40.5954
-73.7888,40.5994,-73.7887,40.5995
-74.0137,40.5908,-74.0127,40.5907
-73.7798,40.599,-73.7796,40.5991
-73.8674,40.599,-73.867,40.6001
-74.0127,40.5907,-74.0125,40.5907
-73.78,40.5989,-73.7798,40.599
-73.8744,40.5945,-73.8746,40.5948
-73.7803,40.5989,-73.78,40.5989
-73.7803,40.5988,-73.7803,40.5989
-73.8674,40.5988,-73.8674,40.599
-73.7889,40.5991,-73.7888,40.5994
-73.8173,40.5981,-73.8174,40.5988
-74.0125,40.5907,-74.0118,40.5907
-73.874,40.5941,-73.8744,40.5945
-73.7722,40.5989,-73.7725,40.5995
-74.0118,40.5907,-74.0116,40.5907
-73.7806,40.5986,-73.7803,40.5988
-74.0116,40.5907,-74.0113,40.5907
-73.8173,40.5977,-73.8173,40.5981
-73.8738,40.5939,-73.874,40.5941
-73.807,40.5977,-73.8074,40.5982
-73.8172,40.5975,-73.8173,40.5977
-73.8737,40.5937,-73.8738,40.5939
-73.7806,40.5985,-73.7806,40.5986
-73.7897,40.5986,-73.7896,40.5987
-73.8737,40.5935,-73.8737,40.5937
-74.0113,40.5907,-74.0106,40.5906
-73.8677,40.5982,-73.8674,40.5988
-74.0106,40.5906,-74.0103,40.5905
-73.8677,40.598,-73.8677,40.5982
-73.7799,40.5983,-73.7799,40.5985
-73.8086,40.5971,-73.8074,40.5982
-73.807,40.5977,-73.8067,40.5975
-73.8492,40.5979,-73.849,40.598
-73.8091,40.5972,-73.8086,40.5971
-74.0103,40.5905,-74.0098,40.5904
-74.0098,40.5904,-74.0097,40.5904
-73.8097,40.5973,-73.8091,40.5972
-73.8177,40.5965,-73.8172,40.5975
-73.8103,40.5974,-73.8099,40.5974
-73.8099,40.5971,-73.8097,40.5973
-73.8086,40.5965,-73.8086,40.5971
-73.8107,40.5976,-73.8103,40.5974
-73.79,40.5974,-73.79,40.5975
-73.8178,40.5963,-73.8177,40.5965
-74.0097,40.5904,-74.0091,40.5901
-73.849,40.5972,-73.8492,40.5979
-74.0091,40.5901,-74.009,40.5901
-73.8179,40.596,-73.8178,40.5963
-73.8179,40.5959,-73.8179,40.596
-73.7902,40.5969,-73.79,40.5974
-73.8489,40.5957,-73.849,40.5972
-73.7904,40.597,-73.7903,40.5969
-73.8181,40.5957,-73.8179,40.5959
-73.849,40.5955,-73.8489,40.5957
-73.806,40.5967,-73.8067,40.5975
-73.8489,40.5957,-73.8486,40.596
-73.806,40.5967,-73.806,40.5967
-73.8486,40.596,-73.8478,40.5967
-73.7902,40.5967,-73.7902,40.5969
-73.8088,40.5961,-73.8086,40.5965
-73.7902,40.5967,-73.7902,40.5967
-73.8738,40.5924,-73.8737,40.5935
-74.009,40.5901,-74.0086,40.5899
-73.8181,40.5956,-73.8181,40.5957
-74.0086,40.5899,-74.0085,40.5899
-73.8737,40.5935,-73.8711,40.5933
-74.0085,40.5899,-74.0084,40.5899
-73.7901,40.5965,-73.7902,40.5967
-73.7903,40.5966,-73.7902,40.5967
-73.7901,40.5965,-73.7901,40.5965
-73.8678,40.5962,-73.8675,40.5969
-73.8183,40.5954,-73.8181,40.5956
-73.8711,40.5933,-73.8709,40.5933
-73.8184,40.5953,-73.8183,40.5954
-73.79,40.5964,-73.7901,40.5965
-73.79,40.5963,-73.79,40.5964
-73.7902,40.5963,-73.7901,40.5965
-73.8122,40.5957,-73.8121,40.5961
-73.8123,40.5957,-73.8122,40.5957
-73.8681,40.5954,-73.8678,40.5962
-73.79,40.5963,-73.79,40.5964
-73.8123,40.5956,-73.8123,40.5957
-73.8709,40.5933,-73.8697,40.5935
-73.8687,40.5947,-73.8681,40.5954
-73.8125,40.5951,-73.8123,40.5956
-73.8187,40.5947,-73.8184,40.5953
-73.8091,40.5954,-73.8088,40.5961
-73.8125,40.5947,-73.8125,40.5951
-73.8125,40.5946,-73.8125,40.5947
-73.8125,40.5946,-73.8125,40.5946
-73.8091,40.5952,-73.8091,40.5954
-73.8187,40.5943,-73.8187,40.5947
-73.8128,40.5943,-73.8125,40.5946
-73.8124,40.5946,-73.8118,40.5945
-73.813,40.594,-73.8128,40.5943
-73.809,40.5948,-73.8091,40.5952
-73.8131,40.5939,-73.813,40.594
-73.8742,40.5912,-73.8738,40.5924
-73.8118,40.5945,-73.8113,40.5944
-73.8742,40.591,-73.8742,40.5912
-73.8113,40.5944,-73.811,40.5943
-73.8687,40.5933,-73.868,40.5932
-73.8092,40.5945,-73.809,40.5948
-73.8137,40.5934,-73.8131,40.5939
-73.814,40.5934,-73.8137,40.5934
-73.8205,40.5945,-73.8201,40.5947
-73.8188,40.593,-73.8187,40.5943
-73.8188,40.593,-73.8188,40.593
-73.8495,40.5935,-73.849,40.5955
-73.8188,40.5929,-73.8188,40.593
-73.7439,40.5939,-73.7437,40.5939
-73.868,40.5932,-73.8668,40.5931
-73.8668,40.5931,-73.8668,40.5931
-73.7419,40.594,-73.7417,40.5939
-73.7423,40.5939,-73.7419,40.594
-73.7424,40.5939,-73.7423,40.5939
-73.745,40.5938,-73.7449,40.5938
-73.7417,40.5939,-73.7415,40.5939
-73.7424,40.5939,-73.7424,40.5939
-73.7443,40.5937,-73.7439,40.5939
-73.7395,40.5936,-73.7397,40.5938
-73.7437,40.5939,-73.7434,40.5939
-73.7415,40.5939,-73.7413,40.5939
-73.7445,40.5936,-73.7443,40.5937
-73.7449,40.5938,-73.7445,40.5936
-73.7434,40.5939,-73.7431,40.5938
-73.7427,40.5938,-73.7424,40.5939
-73.7406,40.5938,-73.7397,40.5938
-73.7427,40.5938,-73.7427,40.5938
-73.8498,40.5932,-73.8495,40.5935
-73.7431,40.5938,-73.743,40.5938
-73.743,40.5938,-73.7427,40.5938
-73.7408,40.5937,-73.7406,40.5938
-73.7458,40.5937,-73.7455,40.5937
-73.7455,40.5937,-73.745,40.5938
-73.8146,40.593,-73.814,40.5934
-73.7413,40.5939,-73.7408,40.5937
-73.811,40.5943,-73.8104,40.594
-73.7375,40.5934,-73.7374,40.5934
-73.7383,40.5936,-73.738,40.5935
-73.738,40.5935,-73.7378,40.5935
-73.7378,40.5935,-73.7375,40.5934
-73.7374,40.5934,-73.7371,40.5934
-73.7371,40.5934,-73.737,40.5934
-73.737,40.5934,-73.7369,40.5934
-73.7369,40.5934,-73.7369,40.5934
-73.8668,40.5931,-73.8662,40.593
-73.7364,40.5933,-73.7363,40.5933
-73.7363,40.5933,-73.7363,40.5933
-73.7388,40.5936,-73.7383,40.5936
-73.7369,40.5934,-73.7364,40.5933
-73.815,40.5929,-73.8146,40.593
-73.7395,40.5936,-73.7388,40.5936
-73.746,40.5935,-73.7458,40.5937
-73.7363,40.5933,-73.7362,40.5932
-73.7445,40.5934,-73.7445,40.5936
-73.7464,40.5932,-73.746,40.5935
-73.735,40.5931,-73.735,40.5931
-73.735,40.5931,-73.735,40.5931
-73.7362,40.5932,-73.7358,40.5932
-73.8185,40.5918,-73.8188,40.5929
-73.7358,40.5932,-73.7357,40.5932
-73.8662,40.593,-73.8655,40.5927
-73.8655,40.5927,-73.8646,40.5927
-73.7357,40.5932,-73.735,40.5931
-73.8186,40.5918,-73.8185,40.5918
-73.735,40.5931,-73.7346,40.593
-73.7466,40.5929,-73.7464,40.5932
-73.7346,40.593,-73.7346,40.593
-73.8646,40.5927,-73.8643,40.5924
-73.7346,40.593,-73.7345,40.5929
-73.7467,40.5927,-73.7466,40.5929
-73.7469,40.5927,-73.7467,40.5927
-73.7482,40.5925,-73.7469,40.5927
-73.8158,40.5924,-73.815,40.5929
-73.8158,40.5924,-73.8158,40.5924
-73.8187,40.5916,-73.8186,40.5918
-73.8185,40.5918,-73.8178,40.5918
-73.7345,40.5929,-73.7337,40.5926
-73.7337,40.5926,-73.7336,40.5926
-73.7336,40.5926,-73.7334,40.5926
-73.7334,40.5926,-73.7333,40.5926
-73.7333,40.5926,-73.7331,40.5931
-73.8178,40.5918,-73.8176,40.5918
-73.7301,40.5934,-73.73,40.5934
-73.7301,40.5933,-73.7301,40.5934
-73.8165,40.5921,-73.8158,40.5924
-73.7303,40.5934,-73.7301,40.5933
-73.7303,40.5934,-73.7303,40.5934
-73.7306,40.5933,-73.7305,40.5933
-73.8168,40.5919,-73.8165,40.5921
-73.7305,40.5933,-73.7303,40.5934
-73.8176,40.5918,-73.8168,40.5919
-73.8643,40.5924,-73.8629,40.5921
-73.7333,40.5926,-73.7327,40.5925
-73.7314,40.5925,-73.7313,40.5927
-73.7485,40.5919,-73.7482,40.5925
-73.8628,40.5919,-73.8629,40.5921
-73.7315,40.5922,-73.7314,40.5925
-73.7319,40.5922,-73.7318,40.5921
-73.7318,40.5921,-73.7315,40.5922
-73.7327,40.5925,-73.7319,40.5922
-73.8741,40.5897,-73.8742,40.591
-73.8498,40.5921,-73.8498,40.5932
-73.8192,40.591,-73.8187,40.5916
-73.8192,40.591,-73.8192,40.591
-73.7315,40.5922,-73.7311,40.5921
-74.0046,40.5895,-74.0035,40.5894
-74.0035,40.5894,-74.0034,40.5894
-73.8628,40.5919,-73.8622,40.5917
-74.0034,40.5894,-74.0034,40.5894
-73.7266,40.5916,-73.7266,40.5916
-73.7266,40.5916,-73.7266,40.5916
-73.7494,40.5916,-73.7485,40.5919
-73.7266,40.5916,-73.7265,40.5916
-73.8622,40.5917,-73.8617,40.5916
-74.0001,40.5926,-74.0001,40.5926
-74.0002,40.5925,-74.0001,40.5926
-74.0002,40.5925,-74.0002,40.5925
-74.0002,40.5925,-74.0002,40.5925
-73.7269,40.5915,-73.7266,40.5916
-74.0003,40.5924,-74.0002,40.5925
-74.0003,40.5923,-74.0003,40.5924
-73.727,40.5915,-73.7269,40.5915
-73.85,40.5918,-73.8498,40.5921
-74.0003,40.5923,-74.0003,40.5923
-73.8617,40.5916,-73.8601,40.5908
-74.0004,40.5923,-74.0003,40.5923
-73.7311,40.5921,-73.7305,40.5918
-74.0004,40.5922,-74.0004,40.5923
-74.0005,40.5922,-74.0004,40.5922
-73.8599,40.5904,-73.8601,40.5908
-73.8219,40.592,-73.8215,40.5924
-73.7305,40.5918,-73.7303,40.5917
-74.0007,40.5921,-74.0005,40.5922
-74.0007,40.5921,-74.0007,40.5921
-73.8219,40.5917,-73.8219,40.592
-74.0008,40.592,-74.0007,40.5921
-73.7303,40.5917,-73.7298,40.5917
-74.0008,40.592,-74.0008,40.592
-74.0009,40.5919,-74.0008,40.592
-74.0034,40.5894,-74.003,40.5893
-73.7298,40.5917,-73.7297,40.5916
-73.7297,40.5916,-73.7292,40.5916
-73.7498,40.5912,-73.7494,40.5916
-73.8201,40.5906,-73.8192,40.591
-74.0011,40.5917,-74.0009,40.5919
-74.0013,40.5914,-74.0011,40.5917
-74.0018,40.591,-74.0014,40.5913
-74.0014,40.5913,-74.0013,40.5914
-73.7292,40.5916,-73.729,40.5915
-73.7278,40.5914,-73.727,40.5915
-73.75,40.5911,-73.7498,40.5912
-73.7285,40.5914,-73.7284,40.5914
-73.729,40.5915,-73.7289,40.5914
-73.7279,40.5914,-73.7278,40.5914
-73.7289,40.5914,-73.7285,40.5914
-73.7284,40.5914,-73.7279,40.5914
-73.8216,40.5899,-73.8219,40.5917
-73.8216,40.5899,-73.8215,40.59
-73.8215,40.59,-73.8211,40.5902
-73.8211,40.5902,-73.8201,40.5906
-73.8217,40.5898,-73.8216,40.5899
-73.8217,40.5898,-73.8217,40.5898
-73.8502,40.5911,-73.85,40.5918
-73.8502,40.5911,-73.8502,40.5911
-73.8599,40.5904,-73.8571,40.591
-74.0021,40.5892,-74.002,40.5892
-73.7506,40.5906,-73.75,40.5911
-73.8216,40.5896,-73.8217,40.5898
-73.823,40.5896,-73.8217,40.5898
-73.8234,40.5896,-73.8238,40.5906
-73.8234,40.5896,-73.823,40.5896
-73.8563,40.59,-73.8571,40.591
-73.8563,40.59,-73.8563,40.59
-73.8502,40.5902,-73.8502,40.5911
-73.8502,40.5902,-73.8502,40.5902
-73.8563,40.59,-73.8553,40.5902
-74.0064,40.5869,-74.0072,40.588
-74.0007,40.5898,-74.0006,40.5898
-74.0006,40.5898,-74.0004,40.5899
-73.8214,40.5891,-73.8216,40.5896
-73.999,40.5908,-73.999,40.5908
-74.0004,40.5899,-74.0001,40.59
-73.8241,40.5892,-73.8234,40.5896
-73.9991,40.5907,-73.9991,40.5907
-73.9991,40.5907,-73.999,40.5908
-73.751,40.5897,-73.7506,40.5906
-73.9992,40.5907,-73.9991,40.5907
-74.0001,40.59,-74,40.59
-73.9997,40.5903,-73.9997,40.5903
-73.9999,40.5901,-73.9997,40.5903
-73.8553,40.5902,-73.854,40.5897
-73.9995,40.5904,-73.9995,40.5905
-73.854,40.5896,-73.854,40.5897
-73.9997,40.5903,-73.9995,40.5904
-73.7511,40.5897,-73.751,40.5897
-73.8504,40.5896,-73.8502,40.5902
-73.8505,40.5896,-73.8504,40.5896
-73.8744,40.5877,-73.8741,40.5897
-74.0063,40.5866,-74.0064,40.5869
-73.8507,40.589,-73.8505,40.5896
-73.8509,40.5883,-73.8507,40.589
-73.8743,40.5875,-73.8744,40.5877
-73.7516,40.5895,-73.7511,40.5897
-73.8528,40.5891,-73.8527,40.5891
-73.854,40.5896,-73.8528,40.5891
-73.8517,40.5887,-73.8509,40.5883
-73.8527,40.5891,-73.8523,40.5889
-73.8523,40.5889,-73.8517,40.5887
-73.7643,40.5899,-73.7642,40.5899
-73.7642,40.5899,-73.7639,40.59
-73.8255,40.5881,-73.8241,40.5892
-73.7648,40.5894,-73.7648,40.5895
-73.8256,40.588,-73.8255,40.5881
-73.7648,40.5895,-73.7643,40.5899
-73.7664,40.5893,-73.7665,40.5894
-73.8256,40.5879,-73.8256,40.588
-73.7522,40.5893,-73.7516,40.5895
-73.7653,40.5885,-73.7648,40.5894
-73.8506,40.5878,-73.8509,40.5883
-73.7661,40.5866,-73.7659,40.5874
-73.7664,40.5857,-73.7661,40.5866
-73.8504,40.5873,-73.8506,40.5878
-73.7665,40.5851,-73.7664,40.5855
-73.7524,40.589,-73.7522,40.5893
-74.0008,40.5887,-74.0003,40.5885
-73.7529,40.5888,-73.7524,40.589
-73.847,40.586,-73.8468,40.5858
-73.8778,40.5889,-73.8778,40.5892
-73.8213,40.5883,-73.8214,40.5891
-73.7706,40.5734,-73.7701,40.5743
-73.8496,40.5858,-73.8504,40.5873
-73.8496,40.5858,-73.8495,40.5858
-74.0003,40.5885,-74.0001,40.5885
-73.7714,40.5715,-73.7709,40.5725
-73.8495,40.5858,-73.847,40.586
-73.7532,40.5884,-73.7529,40.5888
-74,40.5884,-73.9999,40.5884
-74.0056,40.5859,-74.0061,40.5864
-74.0056,40.5859,-74.0056,40.5859
-73.9998,40.5884,-73.9995,40.5884
-73.999,40.5886,-73.9989,40.5886
-73.999,40.5885,-73.999,40.5886
-73.999,40.5885,-73.999,40.5885
-73.874,40.5863,-73.8743,40.5875
-73.9995,40.5884,-73.9994,40.5884
-73.9992,40.5885,-73.999,40.5885
-73.9994,40.5884,-73.9992,40.5885
-73.7616,40.588,-73.7614,40.5881
-73.7614,40.5881,-73.7613,40.588
-73.7613,40.588,-73.7612,40.588
-73.7624,40.5877,-73.762,40.5878
-73.762,40.5878,-73.7616,40.588
-73.8567,40.5878,-73.8567,40.5879
-73.7612,40.588,-73.7608,40.5884
-73.7627,40.5873,-73.7624,40.5877
-73.8569,40.5876,-73.8567,40.5878
-73.7637,40.5864,-73.7627,40.5873
-73.8739,40.5859,-73.874,40.5863
-74.0053,40.5855,-74.0056,40.5859
-73.7551,40.5875,-73.7543,40.5881
-73.7556,40.5874,-73.7551,40.5875
-73.8574,40.5867,-73.8569,40.5876
-73.8289,40.5871,-73.8277,40.5875
-73.8773,40.5875,-73.877,40.5874
-73.8575,40.5864,-73.8574,40.5867
-73.7559,40.5872,-73.7556,40.5874
-73.8575,40.5864,-73.8575,40.5864
-73.8306,40.5868,-73.8305,40.5873
-73.8776,40.5877,-73.8773,40.5875
-73.7566,40.5872,-73.7559,40.5872
-73.829,40.5869,-73.8289,40.5871
-73.8778,40.5878,-73.8777,40.5878
-73.8508,40.5852,-73.8496,40.5858
-73.8305,40.5862,-73.8305,40.5865
-73.8307,40.5861,-73.8305,40.5862
-73.8305,40.5862,-73.8301,40.5862
-73.8309,40.5861,-73.8307,40.5861
-73.8301,40.5862,-73.829,40.5869
-73.8312,40.5861,-73.8309,40.5861
-74.005,40.5852,-74.0053,40.5855
-73.7571,40.5867,-73.7566,40.5872
-73.8468,40.5858,-73.8442,40.5845
-73.8575,40.5847,-73.8575,40.5864
-73.7577,40.5867,-73.7571,40.5867
-73.8316,40.586,-73.8312,40.5861
-73.8575,40.5846,-73.8575,40.5847
-73.9005,40.5867,-73.9002,40.5869
-73.8442,40.5845,-73.8436,40.5846
-73.8574,40.5842,-73.8575,40.5846
-73.7582,40.5865,-73.7577,40.5867
-73.7583,40.5865,-73.7582,40.5865
-73.8321,40.5858,-73.8316,40.586
-73.8735,40.5843,-73.8739,40.5859
-73.9008,40.5856,-73.9006,40.5858
-73.7587,40.5861,-73.7583,40.5865
-73.8436,40.5846,-73.8417,40.5846
-73.759,40.5859,-73.7587,40.5861
-73.7592,40.5857,-73.759,40.5859
-74.0046,40.5848,-74.005,40.5852
-73.8522,40.5844,-73.8508,40.5852
-73.8325,40.5855,-73.8321,40.5858
-73.8574,40.5842,-73.8559,40.5839
-73.8559,40.5839,-73.8559,40.5839
-73.8524,40.5844,-73.8522,40.5844
-73.8559,40.5839,-73.8551,40.584
-73.7595,40.5853,-73.7592,40.5857
-73.8736,40.5839,-73.8735,40.5843
-73.8297,40.5857,-73.8298,40.586
-73.8582,40.5837,-73.8574,40.5842
-73.7596,40.585,-73.7595,40.5853
-73.8551,40.584,-73.8549,40.584
-73.9026,40.5861,-73.9022,40.5865
-73.8549,40.584,-73.8548,40.584
-73.8417,40.5846,-73.8412,40.5844
-73.76,40.5844,-73.7596,40.585
-73.7604,40.5839,-73.7603,40.584
-73.7603,40.584,-73.76,40.5844
-73.7608,40.5833,-73.7604,40.5839
-73.9008,40.585,-73.9008,40.5856
-73.7611,40.5831,-73.7608,40.5833
-73.9028,40.586,-73.9026,40.5861
-73.8548,40.584,-73.8543,40.584
-73.8331,40.5851,-73.8325,40.5855
-73.8543,40.584,-73.8524,40.5844
-73.8332,40.585,-73.8331,40.5851
-73.8333,40.585,-73.8332,40.585
-73.8589,40.5834,-73.8582,40.5837
-73.8412,40.5844,-73.84,40.5844
-73.84,40.5844,-73.8396,40.5846
-74.0046,40.5848,-74.0041,40.5844
-73.8337,40.5849,-73.8333,40.585
-73.9007,40.5845,-73.9008,40.585
-73.8596,40.5828,-73.8589,40.5834
-73.9068,40.5856,-73.9068,40.5858
-73.9007,40.5843,-73.9007,40.5845
-73.8396,40.5846,-73.8386,40.5846
-73.8349,40.5848,-73.8337,40.5849
-73.8374,40.5843,-73.837,40.5846
-73.9065,40.5852,-73.9068,40.5856
-73.905,40.5845,-73.9049,40.5846
-73.9053,40.5844,-73.905,40.5845
-74.0041,40.5844,-74.0039,40.5842
-73.8386,40.5846,-73.8374,40.5843
-73.8353,40.5844,-73.8349,40.5848
-73.9049,40.5846,-73.9044,40.5847
-73.9059,40.584,-73.9053,40.5844
-73.906,40.5841,-73.9065,40.5852
-74.0039,40.5842,-74.0038,40.5841
-73.906,40.584,-73.9059,40.584
-73.837,40.5846,-73.8353,40.5844
-73.8603,40.5819,-73.8596,40.5828
-74.0038,40.5841,-74.0034,40.5838
-73.8742,40.5814,-73.8736,40.5839
-73.9001,40.5835,-73.9007,40.5843
-73.9001,40.5835,-73.9001,40.5835
-74.0034,40.5838,-74.0032,40.5837
-74.0032,40.5837,-74.0031,40.5837
-73.9084,40.5843,-73.9086,40.5848
-73.8604,40.5815,-73.8603,40.5819
-73.9019,40.5842,-73.9011,40.5841
-73.9072,40.5832,-73.906,40.584
-73.9072,40.5832,-73.9072,40.5832
-73.9044,40.5847,-73.9036,40.5844
-73.908,40.583,-73.9084,40.5843
-73.9077,40.5829,-73.9072,40.5832
-73.908,40.583,-73.9077,40.5829
-74.0031,40.5837,-74.003,40.5836
-74.003,40.5836,-74.0029,40.5836
-73.9036,40.5844,-73.9034,40.5843
-73.8741,40.5806,-73.8742,40.5814
-73.9022,40.5842,-73.9019,40.5842
-73.9001,40.5835,-73.8998,40.5832
-73.9034,40.5843,-73.9031,40.5843
-73.9026,40.5841,-73.9022,40.5842
-73.9031,40.5843,-73.9026,40.5841
-73.909,40.5833,-73.9085,40.5831
-74.0029,40.5836,-74.0024,40.5832
-73.9104,40.5839,-73.9099,40.5835
-73.9099,40.5835,-73.9099,40.5835
-73.9099,40.5835,-73.909,40.5833
-73.9077,40.5823,-73.9077,40.5829
-74.0024,40.5832,-74.0017,40.5832
-73.9077,40.5823,-73.9077,40.5823
-74.0015,40.5833,-74.0014,40.5834
-74.0014,40.5834,-74.0013,40.5835
-73.8996,40.5827,-73.8998,40.5832
-73.8743,40.5787,-73.8741,40.5806
-73.8622,40.5806,-73.8604,40.5815
-73.8996,40.5825,-73.8996,40.5827
-73.8626,40.5803,-73.8622,40.5806
-73.8627,40.5803,-73.8626,40.5803
-73.7427,40.5834,-73.7425,40.5834
-73.8983,40.5835,-73.8977,40.5831
-74.0013,40.5827,-74.0017,40.5832
-73.8741,40.5775,-73.8743,40.5787
-73.8741,40.5775,-73.874,40.5775
-73.874,40.5775,-73.8739,40.5775
-73.8634,40.5798,-73.8627,40.5803
-73.9446,40.5824,-73.9444,40.5823
-73.8636,40.5798,-73.8634,40.5798
-73.8993,40.5821,-73.8996,40.5825
-73.8743,40.5773,-73.8741,40.5775
-74.001,40.5824,-74.0013,40.5827
-73.8641,40.5797,-73.8636,40.5798
-73.9455,40.5819,-73.9446,40.5824
-73.947,40.5823,-73.9463,40.5819
-73.9473,40.5825,-73.947,40.5823
-73.9444,40.5823,-73.9441,40.5822
-73.9434,40.5821,-73.9433,40.5821
-73.9441,40.5822,-73.9434,40.5821
-73.9355,40.5821,-73.9355,40.5821
-73.9356,40.582,-73.9355,40.5821
-73.9372,40.582,-73.9373,40.5822
-73.9372,40.582,-73.9371,40.582
-73.8993,40.5821,-73.899,40.5819
-73.9371,40.582,-73.9369,40.5821
-73.9369,40.5821,-73.9367,40.5821
-73.9433,40.5821,-73.943,40.5821
-73.9356,40.582,-73.9356,40.582
-73.9321,40.5824,-73.9321,40.5824
-73.9364,40.5821,-73.9362,40.5821
-73.9362,40.5821,-73.9361,40.582
-73.9367,40.5821,-73.9364,40.5821
-73.9361,40.582,-73.936,40.582
-73.9359,40.582,-73.9356,40.582
-73.936,40.582,-73.9359,40.582
-73.9321,40.5822,-73.9321,40.5824
-73.899,40.5819,-73.8989,40.5818
-73.9077,40.581,-73.9077,40.5823
-73.9349,40.582,-73.9348,40.582
-73.9321,40.5822,-73.9321,40.5821
-73.9355,40.5821,-73.9349,40.582
-73.9348,40.582,-73.9346,40.5819
-73.9391,40.582,-73.9391,40.582
-73.9323,40.5822,-73.9321,40.5822
-73.9323,40.5822,-73.9323,40.5822
-73.9346,40.5819,-73.9344,40.5818
-73.8989,40.5818,-73.8988,40.5818
-73.9344,40.5818,-73.9343,40.5819
-73.9396,40.582,-73.9391,40.582
-73.9343,40.5819,-73.934,40.582
-73.9405,40.5819,-73.9404,40.5823
-73.9317,40.5819,-73.9316,40.5819
-73.9321,40.5821,-73.9317,40.5819
-73.934,40.582,-73.9338,40.582
-73.9338,40.582,-73.9338,40.582
-73.9405,40.5819,-73.9405,40.5819
-73.9316,40.5819,-73.9316,40.5819
-73.9338,40.582,-73.9338,40.582
-73.8988,40.5818,-73.8988,40.5818
-73.9406,40.5819,-73.9405,40.5819
-73.9316,40.5819,-73.9315,40.5818
-73.9326,40.5822,-73.9323,40.5822
-73.9327,40.5822,-73.9326,40.5822
-73.9399,40.5819,-73.9396,40.582
-73.9329,40.5821,-73.9327,40.5822
-73.9329,40.5821,-73.9329,40.5821
-73.9315,40.5818,-73.9314,40.5817
-73.9405,40.5819,-73.9399,40.5819
-73.9314,40.5817,-73.9314,40.5817
-73.9338,40.582,-73.9334,40.582
-73.9334,40.582,-73.9334,40.582
-73.9374,40.5817,-73.9372,40.582
-73.943,40.5821,-73.9424,40.5819
-73.9424,40.5819,-73.9423,40.5819
-73.8748,40.577,-73.8743,40.5773
-73.9331,40.5821,-73.9329,40.5821
-73.9331,40.5821,-73.9331,40.5821
-73.9334,40.582,-73.9331,40.5821
-73.8739,40.5775,-73.8729,40.5773
-73.8988,40.5818,-73.8985,40.5818
-73.9077,40.5806,-73.9077,40.581
-73.9375,40.5817,-73.9374,40.5817
-73.9418,40.5818,-73.9416,40.5819
-73.9416,40.5819,-73.9412,40.5818
-73.9412,40.5818,-73.9406,40.5819
-73.7565,40.5818,-73.7564,40.5821
-73.9423,40.5819,-73.9418,40.5818
-73.8985,40.5818,-73.8982,40.5818
-73.8982,40.5818,-73.8977,40.5821
-73.8652,40.5791,-73.8641,40.5797
-73.9313,40.5815,-73.9314,40.5817
-73.9313,40.5814,-73.9313,40.5815
-73.9381,40.5817,-73.9375,40.5817
-73.9391,40.582,-73.9381,40.5817
-73.8751,40.5767,-73.8748,40.577
-73.9312,40.5813,-73.9313,40.5814
-73.8752,40.5766,-73.8751,40.5767
-73.8729,40.5773,-73.872,40.5773
-73.9965,40.5815,-73.9966,40.5816
-73.8662,40.5785,-73.8652,40.5791
-73.872,40.5773,-73.8718,40.5773
-73.8718,40.5773,-73.8718,40.5773
-73.9311,40.5811,-73.9312,40.5813
-73.9077,40.5794,-73.9077,40.5806
-73.8666,40.5784,-73.8662,40.5785
-73.9277,40.581,-73.9275,40.5812
-73.9311,40.581,-73.9311,40.5811
-73.8668,40.5783,-73.8666,40.5784
-73.9282,40.581,-73.9282,40.581
-73.867,40.5783,-73.8668,40.5783
-73.9282,40.581,-73.9282,40.581
-73.9282,40.581,-73.9277,40.581
-73.9077,40.5792,-73.9077,40.5794
-73.9288,40.5811,-73.9288,40.5811
-73.9965,40.5812,-73.9965,40.5815
-73.9287,40.5811,-73.9287,40.581
-73.9287,40.581,-73.9282,40.581
-73.9077,40.5791,-73.9077,40.5792
-73.9277,40.581,-73.9277,40.581
-73.9964,40.5811,-73.9965,40.5812
-73.8718,40.5773,-73.8713,40.5773
-73.9293,40.5814,-73.9292,40.5813
-73.9292,40.5813,-73.9288,40.5811
-73.8674,40.5781,-73.867,40.5783
-73.8674,40.5781,-73.8674,40.5781
-73.8674,40.5781,-73.8674,40.5781
-73.9295,40.5814,-73.9293,40.5814
-73.9311,40.5808,-73.9311,40.581
-73.9311,40.5808,-73.9311,40.5808
-73.9296,40.5814,-73.9295,40.5814
-73.8713,40.5773,-73.8709,40.5773
-73.9964,40.5811,-73.9962,40.581
-73.9297,40.5814,-73.9296,40.5814
-73.9297,40.5814,-73.9297,40.5814
-73.9962,40.581,-73.9961,40.581
-73.8757,40.5762,-73.8752,40.5766
-73.8678,40.578,-73.8674,40.5781
-73.9307,40.5811,-73.9304,40.5812
-73.9299,40.5814,-73.9297,40.5814
-73.9961,40.581,-73.9958,40.5809
-73.9299,40.5814,-73.9299,40.5814
-73.9302,40.5813,-73.9302,40.5813
-73.9304,40.5812,-73.9302,40.5813
-73.93,40.5813,-73.9299,40.5814
-73.9302,40.5813,-73.93,40.5813
-73.8709,40.5773,-73.8704,40.5773
-73.9958,40.5809,-73.9957,40.5808
-73.8682,40.5778,-73.8678,40.578
-73.8704,40.5773,-73.8701,40.5773
-73.9957,40.5808,-73.9956,40.5808
-73.8685,40.5777,-73.8682,40.5778
-73.8686,40.5777,-73.8685,40.5777
-73.931,40.5806,-73.9311,40.5808
-73.8687,40.5776,-73.8686,40.5777
-73.8691,40.5776,-73.8687,40.5776
-73.9957,40.5809,-73.995,40.5819
-73.9956,40.5807,-73.9956,40.5808
-73.8694,40.5775,-73.8691,40.5776
-73.8701,40.5773,-73.8694,40.5775
-73.9945,40.5806,-73.9944,40.5809
-73.9289,40.5808,-73.9287,40.581
-73.9946,40.5807,-73.9947,40.581
-73.9282,40.5807,-73.9282,40.581
-73.9289,40.5808,-73.9289,40.5808
-73.9945,40.5804,-73.9944,40.5804
-73.9309,40.5804,-73.931,40.5806
-73.9077,40.5791,-73.9073,40.5787
-73.9935,40.5805,-73.9934,40.5805
-73.9309,40.5803,-73.9309,40.5804
-73.9944,40.5804,-73.9939,40.5805
-73.9939,40.5805,-73.9935,40.5805
-73.997,40.5808,-73.9969,40.5809
-73.9934,40.5805,-73.9933,40.5804
-73.9933,40.5804,-73.9932,40.5803
-73.9932,40.5803,-73.9932,40.5803
-73.9089,40.5786,-73.9077,40.5791
-73.9932,40.5803,-73.9931,40.5803
-73.9308,40.5801,-73.9309,40.5803
-73.8766,40.5756,-73.8757,40.5762
-73.9931,40.5803,-73.9929,40.5803
-73.9929,40.5803,-73.9928,40.5803
-73.8572,40.5801,-73.8566,40.5804
-73.8767,40.5756,-73.8766,40.5756
-73.9308,40.58,-73.9308,40.5801
-73.9928,40.5803,-73.9926,40.5802
-73.9926,40.5802,-73.9924,40.5802
-73.9924,40.5802,-73.9923,40.5802
-73.9923,40.5802,-73.9922,40.5802
-73.9922,40.5802,-73.9921,40.5801
-73.9921,40.5801,-73.992,40.5802
-73.8566,40.5804,-73.8564,40.5804
-73.8564,40.5804,-73.8564,40.5804
-73.8769,40.5754,-73.8767,40.5756
-73.992,40.5802,-73.9918,40.5802
-73.9918,40.5802,-73.9918,40.5802
-73.9918,40.5802,-73.9916,40.5802
-73.9916,40.5802,-73.9915,40.5802
-73.9915,40.5802,-73.9915,40.5802
-73.9915,40.5802,-73.9914,40.5802
-73.9307,40.5798,-73.9308,40.58
-73.9914,40.5802,-73.9912,40.5802
-73.9912,40.5802,-73.9912,40.5801
-73.9912,40.5801,-73.9912,40.5801
-73.9307,40.5797,-73.9307,40.5798
-73.9912,40.5801,-73.9911,40.5801
-73.9911,40.5801,-73.9911,40.5801
-73.9073,40.5787,-73.9066,40.5782
-73.9307,40.5796,-73.9307,40.5797
-73.9911,40.5801,-73.991,40.58
-73.8775,40.5752,-73.8769,40.5754
-73.9306,40.5795,-73.9307,40.5796
-73.9101,40.5788,-73.9092,40.5787
-73.991,40.58,-73.991,40.58
-73.9103,40.5788,-73.9101,40.5788
-73.991,40.58,-73.9909,40.58
-73.8776,40.5751,-73.8775,40.5752
-73.8776,40.5751,-73.8776,40.5751
-73.8777,40.5751,-73.8776,40.5751
-73.8777,40.575,-73.8777,40.5751
-73.9305,40.5793,-73.9306,40.5795
-73.9909,40.58,-73.9908,40.5799
-73.9305,40.5793,-73.9305,40.5793
-73.9091,40.5781,-73.9089,40.5786
-73.8782,40.5748,-73.8777,40.575
-73.8783,40.5747,-73.8782,40.5748
-73.9304,40.579,-73.9305,40.5793
-73.992,40.5797,-73.9921,40.5799
-73.9303,40.579,-73.9304,40.579
-73.9303,40.5789,-73.9303,40.579
-73.9302,40.5787,-73.9303,40.5789
-73.8787,40.5745,-73.8783,40.5747
-73.8787,40.5744,-73.8787,40.5745
-73.9302,40.5787,-73.9302,40.5787
-73.9302,40.5786,-73.9302,40.5787
-73.9302,40.5786,-73.9302,40.5786
-73.879,40.5744,-73.8787,40.5744
-73.9061,40.5774,-73.9066,40.5782
-73.903,40.5789,-73.9029,40.5789
-73.8791,40.5743,-73.879,40.5744
-73.9031,40.579,-73.903,40.5789
-73.9061,40.5773,-73.9061,40.5774
-73.9301,40.5784,-73.9302,40.5786
-73.8797,40.5745,-73.8791,40.5743
-73.93,40.5782,-73.9301,40.5784
-73.93,40.5781,-73.93,40.5782
-73.9024,40.5782,-73.9026,40.5786
-73.9299,40.5779,-73.93,40.5781
-73.9024,40.5781,-73.9024,40.5782
-73.9299,40.5778,-73.9299,40.5779
-73.8822,40.5756,-73.8817,40.5753
-73.8817,40.5753,-73.8797,40.5745
-73.8827,40.5759,-73.8822,40.5756
-73.9024,40.5778,-73.9024,40.5781
-73.9096,40.5772,-73.9091,40.5781
-73.9055,40.5762,-73.9061,40.5773
-73.9298,40.5776,-73.9299,40.5778
-73.9297,40.5776,-73.9298,40.5776
-73.9054,40.5759,-73.9055,40.5762
-73.8836,40.5761,-73.8827,40.5759
-73.9053,40.5758,-73.9054,40.5759
-73.8852,40.5771,-73.8836,40.5761
-73.9296,40.5773,-73.9297,40.5776
-73.9296,40.5772,-73.9296,40.5773
-73.9027,40.5764,-73.9024,40.5778
-73.9296,40.5771,-73.9296,40.5772
-73.9028,40.5758,-73.9027,40.5764
-73.9296,40.5771,-73.9296,40.5771
-73.9041,40.5741,-73.9053,40.5758
-73.9038,40.5736,-73.9041,40.5741
-73.9098,40.5767,-73.9096,40.5772
-73.9036,40.5734,-73.9038,40.5736
-73.8861,40.5768,-73.8852,40.5771
-73.9296,40.577,-73.9296,40.5771
-73.9296,40.577,-73.9296,40.577
-73.8865,40.5767,-73.8861,40.5768
-73.9296,40.5769,-73.9296,40.577
-73.8868,40.5766,-73.8865,40.5767
-73.9034,40.5726,-73.9036,40.5734
-73.8871,40.5764,-73.8868,40.5766
-73.8873,40.5764,-73.8871,40.5764
-73.8885,40.5757,-73.8873,40.5764
-73.9297,40.5767,-73.9296,40.5769
-73.9031,40.5716,-73.9034,40.5726
-73.9104,40.5763,-73.9098,40.5767
-73.9031,40.5716,-73.903,40.5716
-73.903,40.5716,-73.903,40.5716
-73.903,40.5716,-73.9029,40.5716
-73.9298,40.5766,-73.9297,40.5767
-73.9298,40.5766,-73.9298,40.5766
-73.8896,40.5736,-73.8885,40.5757
-73.9119,40.5755,-73.9118,40.5756
-73.912,40.5755,-73.9119,40.5755
-73.8898,40.5731,-73.8896,40.5736
-73.9029,40.5716,-73.9024,40.5715
-73.911,40.5759,-73.9104,40.5763
-73.9118,40.5756,-73.9111,40.5758
-73.9111,40.5758,-73.911,40.5759
-73.9298,40.5765,-73.9298,40.5766
-73.8901,40.5731,-73.8898,40.5731
-73.9024,40.5715,-73.9023,40.5715
-73.9035,40.5714,-73.9031,40.5716
-73.9035,40.5714,-73.9035,40.5714
-73.8905,40.573,-73.8901,40.5731
-73.9023,40.5715,-73.9018,40.5715
-73.8797,40.5731,-73.8794,40.5736
-73.9299,40.5763,-73.9298,40.5765
-73.9119,40.5754,-73.9119,40.5755
-73.9299,40.5763,-73.9299,40.5763
-73.9018,40.5715,-73.9017,40.5715
-73.9135,40.5752,-73.9132,40.5752
-73.9132,40.5752,-73.912,40.5755
-73.8919,40.573,-73.8905,40.573
-73.8798,40.573,-73.8797,40.5731
-73.93,40.5763,-73.9299,40.5763
-73.892,40.573,-73.8919,40.573
-73.9139,40.5749,-73.9135,40.5752
-73.9154,40.5747,-73.9153,40.5748
-73.93,40.5762,-73.93,40.5763
-73.9038,40.5712,-73.9035,40.5714
-73.9017,40.5715,-73.9012,40.5715
-73.9154,40.5747,-73.9154,40.5747
-73.9301,40.5762,-73.93,40.5762
-73.9153,40.5748,-73.9139,40.5749
-73.9156,40.5746,-73.9154,40.5747
-73.8924,40.5729,-73.892,40.573
-73.8925,40.5728,-73.8924,40.5729
-73.9012,40.5715,-73.9002,40.5716
-73.9002,40.5716,-73.8998,40.5716
-73.8898,40.5731,-73.8891,40.5728
-73.8928,40.5728,-73.8925,40.5728
-73.8891,40.5728,-73.889,40.5728
-73.9211,40.5751,-73.921,40.5753
-73.9153,40.5745,-73.9154,40.5747
-73.8998,40.5716,-73.8996,40.5715
-73.8996,40.5715,-73.8996,40.5715
-73.8931,40.5727,-73.8928,40.5728
-73.9043,40.571,-73.9038,40.5712
-73.8996,40.5715,-73.8993,40.5715
-73.8933,40.5727,-73.8931,40.5727
-73.9164,40.5744,-73.9156,40.5746
-73.9164,40.5744,-73.9164,40.5744
-73.8934,40.5727,-73.8933,40.5727
-73.8993,40.5715,-73.8991,40.5715
-73.9173,40.5743,-73.9169,40.5743
-73.9169,40.5743,-73.9164,40.5744
-73.8991,40.5715,-73.899,40.5715
-73.922,40.5713,-73.9218,40.5715
-73.9305,40.5758,-73.9305,40.5758
-73.9177,40.5741,-73.9173,40.5743
-73.8937,40.5725,-73.8934,40.5727
-73.897,40.5719,-73.8969,40.5719
-73.8972,40.5719,-73.897,40.5719
-73.9282,40.5757,-73.9282,40.5758
-73.899,40.5715,-73.8981,40.5717
-73.9282,40.5757,-73.9282,40.5757
-73.8981,40.5717,-73.8978,40.5717
-73.8939,40.5725,-73.8937,40.5725
-73.8978,40.5717,-73.8977,40.5717
-73.8977,40.5717,-73.8972,40.5719
-73.8939,40.5725,-73.8939,40.5725
-73.9184,40.5738,-73.9177,40.5741
-73.9185,40.5738,-73.9184,40.5738
-73.889,40.5728,-73.8887,40.5726
-73.9137,40.5745,-73.9139,40.5749
-73.8969,40.5719,-73.8966,40.5719
-73.8966,40.5719,-73.8966,40.5719
-73.9282,40.5755,-73.9282,40.5757
-73.8941,40.5724,-73.8939,40.5725
-73.8966,40.5719,-73.8963,40.5719
-73.9232,40.5693,-73.922,40.5713
-73.9282,40.5753,-73.9282,40.5755
-73.8963,40.5719,-73.8963,40.5719
-73.9218,40.5715,-73.9206,40.5724
-73.9234,40.5693,-73.9232,40.5693
-73.9242,40.5694,-73.924,40.5692
-73.924,40.5692,-73.9238,40.5693
-73.9238,40.5693,-73.9234,40.5693
-73.8944,40.5723,-73.8941,40.5724
-73.8853,40.575,-73.8847,40.5754
-73.9206,40.5724,-73.92,40.5728
-73.9281,40.5751,-73.9282,40.5753
-73.8924,40.5725,-73.8924,40.5729
-73.9191,40.5733,-73.9185,40.5738
-73.8854,40.575,-73.8853,40.575
-73.8963,40.5719,-73.8958,40.572
-73.92,40.5728,-73.9191,40.5733
-73.9049,40.5707,-73.9043,40.571
-73.8948,40.5722,-73.8944,40.5723
-73.9281,40.5749,-73.9281,40.5751
-73.8854,40.575,-73.8854,40.575
-73.9281,40.5748,-73.9281,40.5749
-73.9257,40.5702,-73.9242,40.5694
-73.8958,40.572,-73.8953,40.5721
-73.8953,40.5721,-73.8948,40.5722
-73.928,40.5746,-73.9281,40.5748
-73.9259,40.5703,-73.9257,40.5702
-73.8855,40.575,-73.8854,40.575
-73.928,40.5744,-73.928,40.5746
-73.9279,40.5743,-73.928,40.5744
-73.9278,40.5737,-73.9279,40.5741
-73.8856,40.5749,-73.8855,40.575
-73.9117,40.5747,-73.9119,40.5754
-73.9265,40.5706,-73.9259,40.5703
-73.9136,40.5743,-73.9137,40.5745
-73.8857,40.5748,-73.8856,40.5749
-73.8858,40.5748,-73.8857,40.5748
-73.8858,40.5748,-73.8858,40.5748
-73.9053,40.5705,-73.9049,40.5707
-73.9232,40.5693,-73.9229,40.5691
-73.8859,40.5748,-73.8858,40.5748
-73.8802,40.5723,-73.8798,40.573
-73.9054,40.5705,-73.9053,40.5705
-73.8887,40.5726,-73.8883,40.5722
-73.8863,40.5746,-73.8859,40.5748
-73.8869,40.5742,-73.8863,40.5746
-73.8883,40.5722,-73.8882,40.5722
-73.8802,40.5722,-73.8802,40.5723
-73.9117,40.5745,-73.9117,40.5747
-73.9242,40.5689,-73.924,40.5692
-73.9272,40.5707,-73.9265,40.5706
-73.9275,40.5707,-73.9272,40.5707
-73.9059,40.5703,-73.9054,40.5705
-73.9061,40.5702,-73.9059,40.5703
-73.8882,40.5722,-73.8878,40.572
-73.9243,40.5688,-73.9242,40.5689
-73.9361,40.5731,-73.936,40.5731
-73.936,40.5731,-73.936,40.5731
-73.9244,40.5688,-73.9243,40.5688
-73.9348,40.5732,-73.9347,40.5732
-73.936,40.5731,-73.9358,40.5731
-73.9347,40.5732,-73.9345,40.5731
-73.935,40.5732,-73.9348,40.5732
-73.9229,40.5691,-73.9223,40.5688
-73.9372,40.5727,-73.937,40.5728
-73.937,40.5728,-73.9368,40.5728
-73.9368,40.5728,-73.9361,40.5731
-73.9223,40.5688,-73.9223,40.5688
-73.9283,40.5708,-73.9275,40.5707
-73.884,40.5739,-73.884,40.5739
-73.9358,40.5731,-73.935,40.5732
-73.9376,40.5726,-73.9372,40.5727
-73.9376,40.5726,-73.9376,40.5726
-73.9376,40.5726,-73.9376,40.5726
-73.9065,40.57,-73.9061,40.5702
-73.9332,40.5745,-73.9331,40.5745
-73.9345,40.5731,-73.9341,40.573
-73.9065,40.57,-73.9065,40.57
-73.9392,40.5719,-73.9392,40.5719
-73.8878,40.572,-73.8876,40.572
-73.9392,40.5719,-73.9388,40.5721
-73.9412,40.5709,-73.9409,40.571
-73.9117,40.5742,-73.9117,40.5745
-73.9409,40.571,-73.9402,40.5713
-73.9402,40.5713,-73.9398,40.5714
-73.9398,40.5714,-73.9392,40.5719
-73.9388,40.5721,-73.9376,40.5726
-73.8805,40.5719,-73.8802,40.5722
-73.9068,40.57,-73.9065,40.57
-73.9292,40.5709,-73.9283,40.5708
-73.9322,40.5743,-73.9322,40.5742
-73.9293,40.5709,-73.9292,40.5709
-73.9319,40.5736,-73.9322,40.5742
-73.9298,40.5709,-73.9293,40.5709
-73.9298,40.5709,-73.9298,40.5709
-73.93,40.5709,-73.9298,40.5709
-73.931,40.5709,-73.9309,40.571
-73.9303,40.571,-73.93,40.5709
-73.9418,40.5704,-73.9412,40.5709
-73.8842,40.5737,-73.884,40.5739
-73.9309,40.571,-73.9303,40.571
-73.9312,40.5709,-73.931,40.5709
-73.9419,40.5704,-73.9418,40.5704
-73.9441,40.5738,-73.9442,40.5741
-73.9117,40.574,-73.9117,40.5742
-73.9312,40.5709,-73.9312,40.5709
-73.9072,40.5699,-73.9068,40.57
-73.9439,40.5734,-73.9441,40.5738
-73.9073,40.5699,-73.9072,40.5699
-73.9313,40.5709,-73.9312,40.5709
-73.8843,40.5737,-73.8842,40.5737
-73.9075,40.5698,-73.9073,40.5699
-73.9133,40.5736,-73.9136,40.5743
-73.8843,40.5736,-73.8843,40.5737
-73.9432,40.5696,-73.9419,40.5704
-73.9433,40.5695,-73.9432,40.5696
-73.8876,40.572,-73.8873,40.5717
-73.8844,40.5736,-73.8843,40.5736
-73.9077,40.5698,-73.9075,40.5698
-73.9223,40.5688,-73.9218,40.5686
-73.9077,40.5698,-73.9077,40.5698
-73.9341,40.573,-73.9332,40.5723
-73.9332,40.5723,-73.9331,40.5722
-73.9331,40.5722,-73.9313,40.5709
-73.9439,40.5689,-73.9433,40.5695
-73.908,40.5697,-73.9077,40.5698
-73.8807,40.5716,-73.8805,40.5719
-73.9117,40.5738,-73.9117,40.574
-73.9082,40.5697,-73.908,40.5697
-73.9083,40.5697,-73.9082,40.5697
-73.8847,40.5735,-73.8844,40.5736
-73.8807,40.5716,-73.8807,40.5716
-73.9117,40.5738,-73.9117,40.5738
-73.9132,40.5733,-73.9133,40.5736
-73.9218,40.5686,-73.9216,40.5685
-73.8848,40.5734,-73.8847,40.5735
-73.9445,40.5684,-73.9439,40.5689
-73.8849,40.5734,-73.8848,40.5734
-73.8849,40.5734,-73.8849,40.5734
-73.8849,40.5734,-73.8849,40.5734
-73.8849,40.5734,-73.8849,40.5734
-73.9118,40.5737,-73.9117,40.5738
-73.885,40.5734,-73.8849,40.5734
-73.9502,40.5734,-73.9501,40.5736
-73.9132,40.5732,-73.9132,40.5733
-73.9503,40.5732,-73.9502,40.5734
-73.9453,40.5675,-73.9445,40.5684
-73.8852,40.5733,-73.885,40.5734
-73.8852,40.5732,-73.8852,40.5733
-73.9087,40.5696,-73.9083,40.5697
-73.8857,40.573,-73.8855,40.5731
-73.8855,40.5731,-73.8852,40.5732
-73.8873,40.5717,-73.887,40.5715
-73.9508,40.572,-73.9503,40.5732
-73.887,40.5715,-73.8869,40.5715
-74.0241,40.543,-74.0224,40.5429
-73.9088,40.5696,-73.9087,40.5696
-73.9519,40.5663,-73.9519,40.5663
-73.9119,40.5736,-73.9118,40.5737
-73.946,40.5666,-73.9453,40.5675
-73.9519,40.5663,-73.9516,40.5663
-73.9529,40.566,-73.9519,40.5663
-73.9091,40.5696,-73.9088,40.5696
-73.9535,40.5658,-73.9529,40.566
-73.9129,40.5726,-73.9132,40.5732
-73.9129,40.5726,-73.9129,40.5726
-73.9471,40.5666,-73.946,40.5666
-73.9248,40.5681,-73.9244,40.5688
-73.8869,40.5715,-73.8867,40.5713
-73.9537,40.5657,-73.9535,40.5658
-73.9318,40.5703,-73.9313,40.5709
-73.9216,40.5685,-73.921,40.5683
-73.9093,40.5695,-73.9091,40.5696
-73.9477,40.5665,-73.9471,40.5666
-73.921,40.5683,-73.921,40.5683
-73.9127,40.5728,-73.9122,40.5732
-73.9541,40.5655,-73.9537,40.5657
-73.9516,40.5663,-73.9508,40.5663
-73.9477,40.5665,-73.9477,40.5665
-73.9544,40.5654,-73.9541,40.5655
-73.8867,40.5713,-73.8866,40.5712
-73.9129,40.5722,-73.9129,40.5726
-73.9508,40.5663,-73.9495,40.5664
-73.9492,40.5664,-73.9477,40.5665
-73.9495,40.5664,-73.9492,40.5664
-73.881,40.5712,-73.8807,40.5716
-73.8832,40.5724,-73.8831,40.5724
-73.9557,40.5649,-73.9544,40.5654
-73.9595,40.5725,-73.9594,40.5727
-73.9098,40.5694,-73.9093,40.5695
-73.932,40.5701,-73.9318,40.5703
-73.921,40.5683,-73.9206,40.5682
-73.8866,40.5712,-73.8864,40.5711
-73.9613,40.5625,-73.9612,40.5624
-73.9616,40.5627,-73.9613,40.5625
-74.0224,40.5429,-74.0207,40.5428
-73.9612,40.5624,-73.9609,40.5625
-73.9206,40.5682,-73.9206,40.5681
-73.9619,40.563,-73.9616,40.5627
-73.8864,40.5711,-73.8863,40.5711
-73.9563,40.5645,-73.9557,40.5649
-73.9145,40.573,-73.9146,40.5731
-73.9102,40.5694,-73.9098,40.5694
-73.9565,40.5644,-73.9563,40.5645
-73.8834,40.5723,-73.8832,40.5724
-73.9206,40.5681,-73.9205,40.5681
-73.9102,40.5694,-73.9102,40.5694
-73.8812,40.571,-73.881,40.5712
-73.9128,40.5707,-73.9129,40.5722
-73.9629,40.5636,-73.9619,40.563
-73.8812,40.571,-73.8812,40.571
-73.8863,40.5711,-73.8861,40.571
-73.9105,40.5694,-73.9102,40.5694
-73.9105,40.5694,-73.9105,40.5694
-73.9638,40.5643,-73.9629,40.5636
-74.0078,40.5719,-74.008,40.5722
-73.9609,40.5625,-73.9594,40.5631
-73.9576,40.5639,-73.9565,40.5644
-74.0077,40.5718,-74.0078,40.5719
-73.9578,40.5638,-73.9576,40.5639
-73.8836,40.5722,-73.8834,40.5723
-73.9107,40.5693,-73.9105,40.5694
-73.9594,40.5631,-73.9589,40.5633
-73.9589,40.5633,-73.9588,40.5633
-73.9588,40.5633,-73.9578,40.5638
-74.0074,40.5713,-74.0077,40.5718
-74.0074,40.5713,-74.0074,40.5713
-73.9108,40.5693,-73.9107,40.5693
-73.9109,40.5693,-73.9108,40.5693
-73.9127,40.5694,-73.9125,40.5694
-73.9129,40.5693,-73.9127,40.5694
-73.9112,40.5693,-73.9109,40.5693
-73.8837,40.5721,-73.8836,40.5722
-73.965,40.5649,-73.9638,40.5643
-74.0071,40.5706,-74.0074,40.5713
-74.0071,40.5706,-74.0071,40.5706
-73.9125,40.5694,-73.9119,40.5694
-73.9252,40.5677,-73.9248,40.5681
-73.9115,40.5694,-73.9112,40.5693
-73.9119,40.5694,-73.9115,40.5694
-73.8861,40.571,-73.8858,40.571
-74.007,40.5705,-74.0071,40.5706
-73.9656,40.5652,-73.965,40.5649
-73.9656,40.5653,-73.9656,40.5652
-73.8858,40.571,-73.8857,40.5709
-73.8838,40.5721,-73.8837,40.5721
-73.9131,40.5692,-73.9129,40.5693
-73.8839,40.572,-73.8838,40.5721
-73.9205,40.5681,-73.9199,40.5681
-73.8839,40.572,-73.8839,40.572
-73.8814,40.5709,-73.8812,40.571
-74.0069,40.5699,-74.007,40.5705
-73.9681,40.5721,-73.9682,40.5723
-73.9133,40.5692,-73.9131,40.5692
-73.8814,40.5708,-73.8814,40.5709
-73.9663,40.5656,-73.9656,40.5653
-73.884,40.572,-73.8839,40.572
-74.0207,40.5428,-74.019,40.5427
-73.9613,40.562,-73.9612,40.5624
-73.9135,40.5691,-73.9133,40.5692
-73.967,40.566,-73.9663,40.5656
-73.967,40.5661,-73.967,40.566
-74.0068,40.5694,-74.0069,40.5699
-73.968,40.5714,-73.9681,40.5721
-73.8842,40.5719,-73.884,40.572
-73.9671,40.5661,-73.967,40.5661
-73.8843,40.5719,-73.8842,40.5719
-73.9137,40.5691,-73.9135,40.5691
-73.8843,40.5718,-73.8843,40.5719
-73.8844,40.5718,-73.8843,40.5718
-73.8844,40.5718,-73.8844,40.5718
-73.914,40.569,-73.9137,40.5691
-73.8851,40.5713,-73.8844,40.5718
-73.8816,40.5708,-73.8814,40.5708
-73.9142,40.5689,-73.914,40.569
-73.9681,40.5667,-73.9671,40.5661
-74.007,40.5689,-74.0068,40.5694
-73.9199,40.5681,-73.9193,40.568
-73.9193,40.568,-73.9193,40.568
-73.9145,40.5688,-73.9142,40.5689
-73.9687,40.5669,-73.9681,40.5667
-73.9702,40.5716,-73.9702,40.5717
-73.8857,40.5709,-73.8854,40.5707
-73.9452,40.5657,-73.946,40.5666
-73.9701,40.5714,-73.9702,40.5716
-73.9149,40.5687,-73.9145,40.5688
-73.9149,40.5687,-73.9149,40.5687
-74.019,40.5427,-74.0174,40.5426
-73.8818,40.5706,-73.8816,40.5708
-73.8818,40.5706,-73.8818,40.5706
-73.9719,40.5713,-73.9719,40.5712
-73.9193,40.568,-73.9188,40.568
-73.9719,40.5712,-73.9719,40.5712
-73.9722,40.5715,-73.9722,40.5715
-73.9722,40.5715,-73.9722,40.5715
-73.9722,40.5715,-73.9719,40.5713
-73.9152,40.5686,-73.9149,40.5687
-73.9725,40.5717,-73.9722,40.5715
-73.9725,40.5717,-73.9725,40.5717
-73.9718,40.5711,-73.9719,40.5712
-73.9155,40.5685,-73.9152,40.5686
-73.9727,40.5718,-73.9725,40.5717
-73.9156,40.5684,-73.9155,40.5685
-73.9326,40.5692,-73.932,40.5701
-73.9164,40.5712,-73.9164,40.5713
-73.9188,40.568,-73.9184,40.568
-73.9697,40.5673,-73.9687,40.5669
-73.9158,40.5684,-73.9156,40.5684
-73.882,40.5705,-73.8818,40.5706
-73.9184,40.568,-73.918,40.568
-73.916,40.5683,-73.9158,40.5684
-73.9327,40.5691,-73.9326,40.5692
-73.9701,40.5674,-73.9697,40.5673
-73.8854,40.5707,-73.8851,40.5704
-74.0174,40.5426,-74.0158,40.5425
-73.8851,40.5704,-73.8851,40.5704
-73.918,40.568,-73.9177,40.568
-73.9714,40.5703,-73.9718,40.5711
-73.9163,40.5682,-73.916,40.5683
-73.9164,40.5682,-73.9163,40.5682
-73.9713,40.5701,-73.9714,40.5703
-73.9177,40.568,-73.9174,40.568
-73.9166,40.5681,-73.9164,40.5682
-73.9167,40.5681,-73.9166,40.5681
-73.9174,40.568,-73.9171,40.568
-73.9171,40.568,-73.917,40.5681
-73.917,40.5681,-73.9167,40.5681
-73.9328,40.569,-73.9327,40.5691
-73.9736,40.5713,-73.9736,40.5714
-74.0077,40.5662,-74.007,40.5689
-74.0077,40.5662,-74.0077,40.5662
-73.9739,40.5709,-73.9736,40.5712
-73.8823,40.5704,-73.882,40.5705
-74.0045,40.5707,-74.0041,40.5707
-73.9257,40.567,-73.9252,40.5677
-74.0041,40.5707,-74.004,40.5707
-73.9741,40.5705,-73.9739,40.5709
-74.004,40.5707,-74.004,40.5707
-73.8851,40.5704,-73.8849,40.5703
-74.0158,40.5425,-74.0143,40.5424
-73.9742,40.5703,-73.9741,40.5705
-73.9734,40.5713,-73.9732,40.5713
-74.0143,40.5424,-74.014,40.5424
-73.9728,40.5714,-73.9727,40.5714
-74.0081,40.5649,-74.0077,40.5662
-73.9732,40.5713,-73.9732,40.5713
-73.8849,40.5703,-73.8848,40.5702
-73.9729,40.5714,-73.9728,40.5714
-73.8825,40.5703,-73.8823,40.5704
-73.8848,40.5702,-73.8848,40.5702
-73.973,40.5713,-73.973,40.5714
-73.9732,40.5713,-73.973,40.5713
-73.973,40.5714,-73.9729,40.5714
-74.0082,40.5643,-74.0081,40.5649
-73.9744,40.5694,-73.9742,40.5703
-73.8848,40.5702,-73.8846,40.5701
-73.9711,40.5675,-73.9701,40.5674
-73.8827,40.5702,-73.8825,40.5703
-73.9755,40.5681,-73.9755,40.5681
-73.976,40.5681,-73.9755,40.5681
-73.9749,40.568,-73.9746,40.5681
-73.9749,40.568,-73.9749,40.568
-73.9746,40.5681,-73.9746,40.5681
-73.9755,40.5681,-73.9751,40.5681
-73.9751,40.5681,-73.9749,40.568
-73.8829,40.5701,-73.8827,40.5702
-73.8846,40.5701,-73.8844,40.5701
-73.9763,40.5681,-73.976,40.5681
-73.9778,40.5702,-73.9778,40.5708
-73.883,40.5701,-73.8829,40.5701
-73.8844,40.5701,-73.8843,40.5701
-73.8831,40.57,-73.883,40.5701
-73.8832,40.57,-73.8831,40.57
-73.9716,40.5676,-73.9711,40.5675
-73.8843,40.5701,-73.8842,40.5701
-73.8842,40.5701,-73.8842,40.57
-73.8842,40.57,-73.8841,40.57
-73.8833,40.57,-73.8832,40.57
-73.9331,40.5684,-73.9328,40.569
-73.8833,40.57,-73.8833,40.57
-73.8834,40.57,-73.8833,40.57
-73.8834,40.57,-73.8834,40.57
-74.014,40.5424,-74.0128,40.5421
-73.9778,40.5677,-73.9774,40.5678
-73.9774,40.5678,-73.9763,40.5681
-73.9783,40.5675,-73.9778,40.5677
-73.8841,40.57,-73.8839,40.57
-73.8836,40.57,-73.8834,40.57
-73.8836,40.57,-73.8836,40.57
-73.8839,40.57,-73.8836,40.57
-73.9746,40.5681,-73.9736,40.5679
-73.9736,40.5679,-73.9736,40.5679
-73.9807,40.5684,-73.9814,40.5691
-73.9725,40.5677,-73.9716,40.5676
-73.9826,40.5705,-73.9824,40.5704
-74.0034,40.5706,-74.0034,40.5705
-73.9824,40.5704,-73.982,40.57
-73.98,40.5666,-73.9795,40.5669
-73.9792,40.5671,-73.9783,40.5675
-73.9727,40.5678,-73.9725,40.5677
-73.8831,40.5699,-73.8831,40.57
-73.9795,40.5669,-73.9792,40.5671
-73.9736,40.5679,-73.9727,40.5678
-73.9261,40.5666,-73.9257,40.567
-73.9378,40.5697,-73.9381,40.57
-73.9261,40.5666,-73.9261,40.5666
-73.9845,40.5703,-73.984,40.5705
-73.9378,40.5697,-73.9378,40.5697
-73.9617,40.5605,-73.9613,40.562
-73.9847,40.5699,-73.9845,40.5703
-74.0034,40.5705,-74.003,40.5704
-73.9849,40.5696,-73.9847,40.5699
-73.985,40.5694,-73.9849,40.5696
-74.003,40.5703,-74.003,40.5704
-73.8831,40.5697,-73.8831,40.5699
-73.9335,40.5677,-73.9331,40.5684
-73.985,40.5693,-73.985,40.5694
-73.9803,40.5662,-73.98,40.5666
-73.9851,40.5692,-73.985,40.5693
-74.0128,40.5421,-74.0112,40.5419
-73.9851,40.5691,-73.9851,40.5692
-73.9851,40.569,-73.9851,40.5691
-73.9852,40.5689,-73.9851,40.569
-73.9853,40.5685,-73.9852,40.5689
-73.9854,40.568,-73.9854,40.5681
-73.9854,40.5679,-73.9854,40.568
-73.9803,40.5661,-73.9803,40.5662
-74.0112,40.5419,-74.0106,40.5417
-73.9618,40.5602,-73.9617,40.5605
-73.9338,40.5674,-73.9335,40.5677
-73.8831,40.5696,-73.8831,40.5697
-73.9857,40.567,-73.9854,40.5679
-73.9339,40.5672,-73.9338,40.5674
-73.934,40.5671,-73.9339,40.5672
-73.9264,40.5663,-73.9261,40.5666
-74.0106,40.5417,-74.0096,40.5423
-73.9858,40.5658,-73.9857,40.567
-73.9859,40.5657,-73.9858,40.5658
-73.9374,40.5693,-73.9378,40.5697
-73.9265,40.5662,-73.9264,40.5663
-73.9265,40.5662,-73.9265,40.5662
-73.8831,40.5694,-73.8831,40.5696
-73.988,40.5698,-73.988,40.5699
-73.988,40.5697,-73.988,40.5698
-73.9858,40.5658,-73.9855,40.5657
-73.8831,40.5694,-73.8831,40.5694
-73.9892,40.564,-73.9891,40.5641
-73.9891,40.5641,-73.9891,40.5641
-73.9869,40.5653,-73.9859,40.5657
-73.9894,40.5639,-73.9892,40.564
-73.9881,40.5647,-73.988,40.5647
-73.9884,40.5645,-73.9881,40.5647
-73.9891,40.5641,-73.9888,40.5643
-73.9888,40.5643,-73.9884,40.5645
-74.0096,40.5423,-74.0084,40.543
-73.9874,40.565,-73.9869,40.5653
-73.988,40.5647,-73.9874,40.565
-73.9903,40.5632,-73.9894,40.5639
-73.9906,40.563,-73.9903,40.5632
-73.9345,40.5664,-73.934,40.5671
-74.0084,40.543,-74.0078,40.5433
-73.9909,40.5627,-73.9906,40.563
-73.9913,40.5624,-73.9909,40.5627
-73.9913,40.5623,-73.9913,40.5624
-73.9372,40.569,-73.9374,40.5693
-73.9983,40.5697,-73.9983,40.5697
-73.9915,40.5621,-73.9913,40.5623
-73.9979,40.5687,-73.9979,40.5687
-73.9979,40.5686,-73.9979,40.5687
-73.8831,40.5692,-73.8831,40.5693
-73.9919,40.5618,-73.9915,40.5621
-73.9371,40.5689,-73.9372,40.569
-73.9349,40.5659,-73.9345,40.5664
-73.9822,40.566,-73.9803,40.5662
-73.9267,40.5659,-73.9265,40.5662
-73.9945,40.5693,-73.9945,40.5694
-73.9945,40.5693,-73.9945,40.5693
-73.9975,40.5561,-73.9969,40.5569
-73.9969,40.5569,-73.9962,40.5576
-73.9928,40.5608,-73.9919,40.5618
-73.9366,40.5683,-73.9371,40.5689
-73.9366,40.5682,-73.9366,40.5683
-73.9929,40.5608,-73.9928,40.5608
-74.0007,40.552,-74.0006,40.5521
-73.9831,40.5659,-73.9822,40.566
-73.9855,40.5657,-73.9836,40.5659
-74.0006,40.5521,-74.0002,40.5525
-73.9962,40.5576,-73.995,40.5587
-73.9836,40.5659,-73.9831,40.5659
-73.995,40.5587,-73.995,40.5588
-73.999,40.5541,-73.9975,40.5561
-74.0002,40.5525,-73.999,40.5541
-73.995,40.5588,-73.9945,40.5592
-73.9945,40.5592,-73.9929,40.5608
-74.0046,40.5472,-74.0007,40.552
-73.9351,40.5653,-73.9349,40.5659
-73.8828,40.5691,-73.8827,40.569
-73.9269,40.5657,-73.9267,40.5659
-73.9429,40.5633,-73.9452,40.5657
-73.8827,40.569,-73.8827,40.5689
-73.9621,40.559,-73.9618,40.5602
-73.8826,40.5689,-73.8825,40.5689
-73.8825,40.5689,-73.8825,40.5688
-73.9796,40.5652,-73.9803,40.5661
-73.9271,40.5655,-73.9269,40.5657
-73.9622,40.5588,-73.9621,40.559
-73.9424,40.5628,-73.9429,40.5633
-73.9353,40.5639,-73.9351,40.5653
-73.9273,40.5654,-73.9271,40.5655
-73.9273,40.5653,-73.9273,40.5654
-73.9356,40.5637,-73.9353,40.5639
-74.0099,40.5407,-74.0106,40.5417
-73.9353,40.5639,-73.935,40.5638
-73.9391,40.5683,-73.9386,40.5679
-73.936,40.5635,-73.9356,40.5637
-73.9417,40.5621,-73.9424,40.5628
-73.9386,40.5679,-73.9385,40.5679
-73.935,40.5638,-73.9348,40.5637
-73.9362,40.5633,-73.936,40.5635
-73.9385,40.5679,-73.9383,40.5677
-73.9383,40.5677,-73.9383,40.5677
-73.9363,40.5633,-73.9362,40.5633
-73.9383,40.5677,-73.9379,40.5674
-73.9277,40.5649,-73.9273,40.5653
-73.9417,40.5621,-73.9411,40.5622
-73.9368,40.5631,-73.9363,40.5633
-73.9795,40.5647,-73.9796,40.5652
-73.9371,40.5629,-73.9368,40.5631
-73.9279,40.5647,-73.9277,40.5649
-73.9348,40.5637,-73.9342,40.5635
-73.9342,40.5635,-73.9342,40.5635
-73.9411,40.5622,-73.9399,40.5623
-73.9399,40.5623,-73.9398,40.5623
-73.9382,40.5627,-73.9371,40.5629
-73.9398,40.5623,-73.9389,40.5625
-73.9389,40.5625,-73.9382,40.5627
-73.9282,40.5645,-73.9279,40.5647
-73.9313,40.5669,-73.9309,40.5668
-73.9309,40.5668,-73.9309,40.5668
-73.9342,40.5635,-73.9338,40.5635
-73.9283,40.5644,-73.9282,40.5645
-73.9302,40.5667,-73.9301,40.5667
-73.9309,40.5668,-73.9306,40.5668
-73.9306,40.5668,-73.9306,40.5667
-73.9304,40.5667,-73.9302,40.5667
-73.9306,40.5667,-73.9304,40.5667
-73.9338,40.5635,-73.9335,40.5634
-73.9285,40.5643,-73.9283,40.5644
-73.9285,40.5643,-73.9285,40.5643
-73.9335,40.5634,-73.9332,40.5634
-73.9627,40.5568,-73.9622,40.5588
-73.942,40.5612,-73.9417,40.5621
-73.9289,40.5641,-73.9285,40.5643
-73.9289,40.5641,-73.9289,40.5641
-73.9332,40.5634,-73.9328,40.5633
-73.9292,40.564,-73.9289,40.5641
-73.9328,40.5633,-73.9324,40.5633
-73.9295,40.5639,-73.9292,40.564
-73.9295,40.5639,-73.9295,40.5639
-73.9324,40.5633,-73.9322,40.5633
-73.9298,40.5638,-73.9295,40.5639
-73.9322,40.5633,-73.9318,40.5633
-73.9302,40.5636,-73.9298,40.5638
-73.963,40.556,-73.9627,40.5568
-73.9318,40.5633,-73.9314,40.5633
-73.9303,40.5636,-73.9302,40.5636
-73.9314,40.5633,-73.9312,40.5633
-73.9305,40.5635,-73.9303,40.5636
-73.9312,40.5633,-73.931,40.5634
-73.9308,40.5634,-73.9305,40.5635
-73.931,40.5634,-73.9308,40.5634
-73.9631,40.5557,-73.963,40.556
-73.9752,40.5651,-73.9752,40.5652
-73.9791,40.5634,-73.9795,40.5647
-73.9783,40.5645,-73.9773,40.5639
-74.0087,40.5389,-74.0099,40.5407
-73.9753,40.5648,-73.9752,40.5651
-73.9634,40.5547,-73.9631,40.5557
-73.9773,40.5639,-73.9767,40.5637
-73.9767,40.5637,-73.9767,40.5636
-73.9424,40.56,-73.942,40.5612
-73.9424,40.5599,-73.9424,40.56
-73.9767,40.5636,-73.9763,40.5634
-73.9763,40.5634,-73.9762,40.5634
-73.9757,40.5635,-73.9756,40.564
-73.9762,40.5634,-73.9759,40.5633
-73.9759,40.5633,-73.9758,40.5633
-73.979,40.5627,-73.9791,40.5634
-73.9758,40.5633,-73.9756,40.563
-73.9789,40.5625,-73.979,40.5627
-73.9753,40.5626,-73.9756,40.563
-73.9426,40.5594,-73.9424,40.5599
-73.9426,40.5593,-73.9426,40.5594
-73.9753,40.5626,-73.9751,40.5624
-73.964,40.5531,-73.9634,40.5547
-73.9788,40.5621,-73.9789,40.5625
-73.9749,40.562,-73.9751,40.5624
-73.9642,40.5525,-73.964,40.5531
-73.9749,40.5618,-73.9749,40.562
-73.9788,40.5618,-73.9788,40.5621
-73.9788,40.5617,-73.9788,40.5618
-73.9788,40.5617,-73.9788,40.5617
-73.9429,40.5587,-73.9426,40.5593
-73.9741,40.562,-73.974,40.562
-73.9725,40.5622,-73.9723,40.5624
-73.943,40.5585,-73.9429,40.5587
-73.9749,40.5614,-73.9749,40.5618
-73.9749,40.5613,-73.9749,40.5614
-73.9787,40.5614,-73.9788,40.5617
-73.974,40.562,-73.9735,40.562
-73.9735,40.562,-73.9735,40.562
-73.9735,40.562,-73.9734,40.562
-73.9728,40.5621,-73.9725,40.5622
-73.9734,40.562,-73.9732,40.562
-73.9732,40.562,-73.9731,40.562
-73.9731,40.562,-73.9728,40.5621
-74.0077,40.5373,-74.0087,40.5389
-73.9749,40.5607,-73.9749,40.5613
-73.9433,40.558,-73.943,40.5585
-73.975,40.5605,-73.9749,40.5607
-73.9652,40.5496,-73.9642,40.5525
-73.9433,40.5578,-73.9433,40.558
-73.9749,40.5602,-73.975,40.5605
-73.9749,40.5598,-73.9749,40.5602
-73.9435,40.5576,-73.9433,40.5578
-73.9749,40.5594,-73.9749,40.5598
-73.9436,40.5574,-73.9435,40.5576
-73.9786,40.5606,-73.9787,40.5614
-73.966,40.5475,-73.9652,40.5496
-73.9437,40.5573,-73.9436,40.5574
-73.9748,40.5591,-73.9749,40.5594
-73.9437,40.5572,-73.9437,40.5573
-73.9663,40.5469,-73.966,40.5475
-73.9665,40.5464,-73.9663,40.5469
-73.9438,40.557,-73.9437,40.5572
-73.9668,40.5457,-73.9665,40.5464
-73.9747,40.5582,-73.9748,40.5591
-73.9439,40.5569,-73.9438,40.557
-73.9673,40.545,-73.9668,40.5457
-73.9747,40.5577,-73.9747,40.5582
-73.9746,40.5572,-73.9747,40.5577
-73.9745,40.5571,-73.9746,40.5572
-73.9442,40.5564,-73.9439,40.5569
-73.9442,40.5563,-73.9442,40.5564
-73.9443,40.5563,-73.9442,40.5563
-74.0067,40.5359,-74.0077,40.5373
-73.9735,40.5553,-73.9745,40.5571
-73.9731,40.5545,-73.9735,40.5553
-73.9445,40.5558,-73.9443,40.5563
-73.9828,40.5585,-73.9828,40.5586
-73.9806,40.5579,-73.9806,40.5582
-73.9806,40.5578,-73.9806,40.5579
-73.9828,40.5583,-73.9828,40.5585
-73.9682,40.5419,-73.9673,40.545
-73.9807,40.5578,-73.9806,40.5578
-73.945,40.5552,-73.9445,40.5558
-73.945,40.5552,-73.945,40.5552
-73.9803,40.558,-73.98,40.558
-73.9828,40.5576,-73.9828,40.5583
-73.9451,40.555,-73.945,40.5552
-73.9828,40.5575,-73.9828,40.5576
-73.9812,40.5573,-73.9807,40.5578
-73.9828,40.5569,-73.9828,40.5575
-73.9828,40.5567,-73.9828,40.5569
-73.9813,40.5572,-73.9812,40.5573
-73.9853,40.5559,-73.9848,40.5561
-73.9451,40.5549,-73.9451,40.555
-73.9828,40.5567,-73.9826,40.5566
-73.9833,40.5565,-73.9828,40.5567
-73.9833,40.5565,-73.9833,40.5565
-73.9848,40.5561,-73.9841,40.5563
-73.9841,40.5563,-73.984,40.5563
-73.9826,40.5566,-73.982,40.5565
-73.982,40.5565,-73.9813,40.5572
-73.984,40.5563,-73.9833,40.5565
-73.982,40.5565,-73.982,40.5565
-74.0062,40.5351,-74.0067,40.5359
-74.0061,40.535,-74.0062,40.5351
-73.9452,40.5546,-73.9451,40.5549
-73.9452,40.5544,-73.9452,40.5546
-73.9452,40.5544,-73.9452,40.5544
-73.9452,40.5543,-73.9452,40.5544
-73.9818,40.5562,-73.982,40.5565
-73.9453,40.554,-73.9452,40.5543
-73.9815,40.5558,-73.9818,40.5562
-73.9453,40.5536,-73.9453,40.554
-73.9814,40.5554,-73.9815,40.5558
-73.9453,40.5534,-73.9453,40.5536
-73.9453,40.5533,-73.9453,40.5534
-73.9812,40.555,-73.9814,40.5554
-73.9454,40.553,-73.9453,40.5533
-73.981,40.5546,-73.9812,40.555
-73.9454,40.5527,-73.9454,40.553
-73.981,40.5545,-73.981,40.5546
-73.9454,40.5526,-73.9454,40.5527
-73.9454,40.5526,-73.9454,40.5526
-73.9454,40.5525,-73.9454,40.5526
-73.9757,40.5433,-73.9707,40.5424
-73.9807,40.5539,-73.981,40.5545
-73.9665,40.5383,-73.9682,40.5419
-73.9806,40.5534,-73.9807,40.5539
-73.9805,40.5532,-73.9806,40.5534
-73.9455,40.5522,-73.9454,40.5525
-73.9894,40.5434,-73.9892,40.5434
-73.98,40.5522,-73.9805,40.5532
-73.9455,40.552,-73.9455,40.5522
-73.9455,40.5518,-73.9455,40.552
-74.0045,40.5333,-74.0061,40.535
-73.9455,40.5516,-73.9455,40.5518
-73.9455,40.5515,-73.9455,40.5516
-73.9781,40.5433,-73.9757,40.5433
-73.9455,40.5513,-73.9455,40.5515
-73.9455,40.5513,-73.9455,40.5513
-73.9456,40.5509,-73.9455,40.5513
-73.9456,40.5507,-73.9456,40.5509
-73.9456,40.5507,-73.9456,40.5507
-74.0045,40.5333,-74.004,40.5328
-73.9892,40.5434,-73.9851,40.5434
-73.9456,40.5506,-73.9456,40.5507
-73.9851,40.5434,-73.9781,40.5433
-73.9456,40.5502,-73.9456,40.5506
-73.9456,40.5501,-73.9456,40.5502
-73.9456,40.5501,-73.9456,40.5501
-73.9455,40.5498,-73.9456,40.5501
-73.9455,40.5495,-73.9455,40.5498
-73.9455,40.5495,-73.9455,40.5495
-73.9454,40.5492,-73.9455,40.5495
-73.9644,40.5336,-73.9665,40.5383
-73.9454,40.5489,-73.9454,40.5492
-73.9642,40.5328,-73.9644,40.5336
-73.9453,40.5486,-73.9454,40.5489
-73.9453,40.5485,-73.9453,40.5486
-73.9452,40.5483,-73.9453,40.5485
-73.9451,40.5478,-73.9452,40.5483
-73.9451,40.5477,-73.9451,40.5478
-73.9635,40.5305,-73.9642,40.5328
-73.9449,40.547,-73.9451,40.5477
-74.004,40.5328,-74.0019,40.5308
-73.9448,40.5468,-73.9449,40.547
-73.9446,40.5465,-73.9448,40.5468
-73.963,40.5287,-73.9635,40.5305
-73.9443,40.546,-73.9446,40.5465
-73.9442,40.5459,-73.9443,40.546
-73.9442,40.5459,-73.9442,40.5459
-73.9442,40.5458,-73.9442,40.5459
-73.9441,40.5457,-73.9442,40.5458
-73.9441,40.5457,-73.9441,40.5457
-73.9627,40.5275,-73.963,40.5287
-73.9626,40.5271,-73.9627,40.5275
-73.944,40.5454,-73.9441,40.5457
-73.9426,40.5469,-73.9424,40.5471
-73.9419,40.5476,-73.9419,40.5477
-73.944,40.5453,-73.944,40.5454
-73.942,40.5475,-73.9419,40.5476
-73.9423,40.5472,-73.9422,40.5472
-73.942,40.5474,-73.942,40.5475
-73.9421,40.5474,-73.942,40.5474
-73.9422,40.5472,-73.9421,40.5473
-73.9421,40.5473,-73.9421,40.5474
-73.9421,40.5474,-73.9421,40.5474
-73.9439,40.545,-73.944,40.5453
-73.9439,40.5448,-73.9439,40.545
-73.9439,40.5446,-73.9439,40.5448
-73.9439,40.5444,-73.9439,40.5446
-73.9439,40.5443,-73.9439,40.5444
-73.9617,40.5235,-73.9626,40.5271
-73.9439,40.5439,-73.9439,40.5443
-73.9223,40.5358,-73.9208,40.535
-73.9614,40.5225,-73.9617,40.5235
-73.9439,40.5436,-73.9439,40.5439
-73.9439,40.5436,-73.9439,40.5436
-73.944,40.5434,-73.9439,40.5436
-73.9236,40.5364,-73.9223,40.5358
-73.944,40.5431,-73.944,40.5434
-74.0019,40.5308,-73.9996,40.5287
-73.944,40.5429,-73.944,40.5431
-73.944,40.5429,-73.944,40.5429
-73.9249,40.5369,-73.9236,40.5364
-73.9251,40.5369,-73.9249,40.5369
-73.944,40.5428,-73.944,40.5429
-73.926,40.5372,-73.9251,40.5369
-73.9266,40.5374,-73.926,40.5372
-73.944,40.5424,-73.944,40.5428
-73.9269,40.5375,-73.9266,40.5374
-73.9273,40.5375,-73.9269,40.5375
-73.9439,40.542,-73.944,40.5424
-73.9439,40.542,-73.9439,40.542
-73.9287,40.5378,-73.9273,40.5375
-73.9439,40.5418,-73.9439,40.542
-73.9439,40.5414,-73.9439,40.5418
-73.9303,40.538,-73.9287,40.5378
-73.9439,40.5414,-73.9439,40.5414
-73.9313,40.538,-73.9303,40.538
-73.9314,40.538,-73.9313,40.538
-73.9439,40.541,-73.9439,40.5414
-73.932,40.538,-73.9314,40.538
-73.9439,40.541,-73.9439,40.541
-73.9325,40.5379,-73.932,40.538
-73.9327,40.5379,-73.9325,40.5379
-73.9331,40.5378,-73.9327,40.5379
-73.9336,40.5377,-73.9331,40.5378
-73.9996,40.5287,-73.9982,40.5274
-73.944,40.5405,-73.9439,40.541
-73.934,40.5376,-73.9336,40.5377
-73.9441,40.5401,-73.944,40.5405
-73.9441,40.54,-73.9441,40.5401
-73.935,40.5371,-73.934,40.5376
-73.9351,40.5371,-73.935,40.5371
-73.9443,40.5392,-73.9441,40.54
-73.9353,40.5369,-73.9351,40.5371
-73.9614,40.5225,-73.9541,40.5165
-73.9541,40.5165,-73.9534,40.516
-73.9359,40.5365,-73.9353,40.5369
-73.936,40.5365,-73.9359,40.5365
-73.9448,40.5372,-73.9443,40.5392
-73.9451,40.5356,-73.9448,40.5372
-73.9366,40.5359,-73.936,40.5365
-73.9982,40.5274,-73.9966,40.5261
-73.9374,40.5352,-73.9366,40.5359
-73.9376,40.535,-73.9374,40.5352
-73.9523,40.5141,-73.9534,40.516
-73.9381,40.5345,-73.9376,40.535
-73.9383,40.5342,-73.9381,40.5345
-73.9408,40.5318,-73.9383,40.5342
-73.9431,40.5294,-73.9408,40.5318
-73.9966,40.5261,-73.9956,40.5253
-73.9515,40.5129,-73.9523,40.5141
-73.9956,40.5253,-73.9941,40.5245
-73.9941,40.5245,-73.9931,40.524
-73.9731,40.5203,-73.9695,40.5209
-73.9737,40.5202,-73.9731,40.5203
-73.9739,40.5202,-73.9737,40.5202
-73.9931,40.524,-73.9909,40.5229
-73.975,40.52,-73.9739,40.5202
-73.9458,40.5037,-73.9515,40.5129
-73.9909,40.5229,-73.989,40.522
-73.9781,40.5199,-73.975,40.52
-73.989,40.522,-73.9873,40.5214
-73.9787,40.52,-73.9781,40.5199
-73.9873,40.5214,-73.9865,40.5211
-73.9865,40.5211,-73.9859,40.521
-73.9859,40.521,-73.9848,40.5207
-73.9821,40.5202,-73.9787,40.52
-73.9848,40.5207,-73.9836,40.5204
-73.9836,40.5204,-73.9821,40.5202
-74.0093,40.5174,-74.0092,40.5181
-74.0094,40.5169,-74.0093,40.5174
-74.0095,40.5164,-74.0094,40.5169
-74.0096,40.516,-74.0095,40.5164
-74.0097,40.5156,-74.0096,40.516
-74.0097,40.5156,-74.0097,40.5156
-74.0098,40.5153,-74.0097,40.5156
-74.0099,40.515,-74.0098,40.5153
-74.01,40.5147,-74.0099,40.515
-74.0101,40.5144,-74.01,40.5147
-74.0102,40.5142,-74.0101,40.5144
-74.0103,40.514,-74.0102,40.5142
-74.0103,40.5138,-74.0103,40.514
-74.0104,40.5136,-74.0103,40.5138
-74.0104,40.5134,-74.0104,40.5136
-74.0105,40.5132,-74.0104,40.5134
-74.0106,40.5131,-74.0105,40.5132
-74.0106,40.5129,-74.0106,40.5131
-74.0107,40.5128,-74.0106,40.5129
-74.0107,40.5126,-74.0107,40.5128
-74.0108,40.5125,-74.0107,40.5126
-74.0108,40.5124,-74.0108,40.5125
-74.0109,40.5122,-74.0108,40.5124
-74.0109,40.5121,-74.0109,40.5122
-74.011,40.5119,-74.0109,40.5121
-74.011,40.5118,-74.011,40.5119
-74.011,40.5118,-74.011,40.5118
-74.0111,40.5117,-74.011,40.5118
-74.0111,40.5115,-74.0111,40.5117
-74.0112,40.5114,-74.0111,40.5115
-74.0112,40.5113,-74.0112,40.5114
-74.0113,40.5111,-74.0112,40.5113
-74.0114,40.511,-74.0113,40.5111
-74.0114,40.5108,-74.0114,40.511
-74.0115,40.5106,-74.0114,40.5108
-74.0116,40.5105,-74.0115,40.5106
-74.0116,40.5103,-74.0116,40.5105
-74.0117,40.5101,-74.0116,40.5103
-74.0118,40.5099,-74.0117,40.5101
-74.0119,40.5096,-74.0118,40.5099
-74.012,40.5094,-74.0119,40.5096
-74.0121,40.5091,-74.012,40.5094
-74.0123,40.5088,-74.0121,40.5091
-74.0124,40.5084,-74.0123,40.5088
-74.0126,40.508,-74.0124,40.5084
-74.0128,40.5075,-74.0126,40.508
-73.9984,40.5115,-73.9984,40.5123
-73.9919,40.5051,-73.9917,40.505
-73.9931,40.5059,-73.9931,40.5059
-73.9917,40.505,-73.9911,40.5045
-73.9911,40.5045,-73.9911,40.5044
-73.9934,40.5061,-73.9936,40.5068
-73.9931,40.5059,-73.9919,40.5051
-73.9904,40.5037,-73.9911,40.5044
-73.9895,40.5023,-73.9904,40.5037
-73.9887,40.5008,-73.9895,40.5023
-73.9844,40.5046,-73.984,40.5052
